ACT -Action in Community and Training,"F 3/314, Southend Apartsments, Charmwood Village, Surajkund Road",Faridabad,act_ngo@yahoo.co.uk,NOT AVAILABLE,91-93139 84414,91-129-4116752,Women & child development.
Abhavgrast Gramin Shram Sansathan,"654, Jawahar Colony, N.I.T.",Faridabad,waliaindia1@rediffmail.com,NOT AVAILABLE,91-98737 26323,,Partnership for the rights of marginalised and unorganised.
AACCWES,"121/31, Laxman Vihar",Gurgaon,aaccwes@yahoo.com,NOT AVAILABLE,91-98115 45893,,Aida & cancer care.
Abbasi Foundation,"3 A Janta Bazar, Tauru",Mewat,karimassociate8@gmail.com,NOT AVAILABLE,"91-98123 53806, 91-99919 75809",91-1267-283288,Education
3-E Innovative Foundation,"A-364-A, Palam Vihar",Gurgaon,3eifoundation@gmail.com,NOT AVAILABLE,91-99711 89606,,Education and innovation.
AASTITVA,"DC 1515, Dabua Colony",Faridabad,georgemasih702@gmail.com,NOT AVAILABLE,"91-97180 07008, 91-98102 99175",,"Good education to slum, road side & village area children."
A New Friends Club,"Nidana, Jind",Jind,anfc2000@yahoo.com,NOT AVAILABLE,91-94164 84636,91-1681-232122,"Health, education."
Aashray Bharat,"60, Sehatpur",Faridabad,aashraybharat@gmail.com,NOT AVAILABLE,,91-98910 89866,"To create awareness among to people against social avil such as dowry, female foeticide etc."
Adhikaar The Rights Path,"SCO 1, Govindam Complex",Gurgaon,mail@adhikaar.in,NOT AVAILABLE,,91-98100 60673,"Consumer, civil & human rights."
Adarsh Gram Udyog Samiti,"Adarsh Gram Udyog Samiti, Rasina, Fatehpur",Kaithal,,NOT AVAILABLE,,91-184-280772,Rural Development
Adarsh Kala Sangam Samiti,"Shankar Colony, Old DC Road, Near Railway Over Bridge",Sonipat,adarshkalasangamsamiti@gmail.com,NOT AVAILABLE,91-94671 04797,91-130-2200805,"Education, health, NRM, water, women empowerment, child development, rural development, disability."
Adarsh Rural Development Society,"30, Kadarpur",Gurgaon,ards123@gmail.com,NOT AVAILABLE,91-98990 65577,,Health & educational activities.
Adarsh Samaj Sahyog Samiti,"909, Sector 9",Faridabad,info@adarshsamaj.org,NOT AVAILABLE,91-98733 42449,91-129-2295672,Child
Adarsh Yuva Mandal,"1076, 13th Street, Hansi Road",Karnal,rajivsharma_222@rediffmail.com,NOT AVAILABLE,,91-184-2241814,
Adrash Paramedical Welfare Association,"Loharu Road, Uttam Nagar",Bhiwani,adarshmitc@rediffmail.com,NOT AVAILABLE,91-97290 80045,,"Running school, college, ITI, Special work on CP, Paralysis, Poor childeran education, old age care home."
Adra India,"Adventist Development & Releif Agency, 45 Kusum Marg, H-Block, DLF-1",Gurgaon,info@adraindia.org,NOT AVAILABLE,,91-124-4056634,Community development & emergency management.
AERDS – Agriculture Environment Rural Development Society,"275. T.P. Scheme, 9, B/h Jain Girl Sr. Sec. School",Rewari,aerdindia@rediffmail.com,NOT AVAILABLE,91-98132 44757,91-1274-257927,
Agrasar,"A-261, South City -1, Gurgaon",Gurgaon,pallavi@agrasar.org,NOT AVAILABLE,80562 38739,,"Education, Employment, Livelihood, Sustainable Development, Women Development/Welfare, Youth."
Akhil Dehat Vikas Evm Neat society,ladrawan,Jhajjar,advens2014@hotmail.com,NOT AVAILABLE,"97188 39435, 99921 13069",,"Adolescent Girls Welfare, Advocacy on Social Issues, Awareness Generation, Community Development, Education, Employment, Hiv/Aids, Labour, Law, Legal Awareness, Library, Training, Women Development/Welfare, Women’s Issues."
Aggarwal Para Medical Society,"D-727, Chawla Colony",Ballabgarh,dratulaggarwal@yahoo.com,NOT AVAILABLE,91-98100 67194,,Awareness of health care
Akhil Haryana Apradah Nisedeh Sasthan,"587/1, Lal Bahadur Shastri Nagar",Rohtak,ahans.sharma@gmail.com,NOT AVAILABLE,91-98120 55718,,To stop voilence in society.
Akhil Bhartiya Eklavya Janhit Society,"432 Sector 8, Urban Estate",Karnal,info_eklavya@yahoo.com,NOT AVAILABLE,91-98964 34569,,Social service
Alakh Sewa Trust,"21, Geeta Complex",Rohtak,kooldureja@rediffmail.com,NOT AVAILABLE,,91-1262-255906,"Poor children education, remove aids, develop agriculture technology."
Akhil Bhartiya Sarvjatiya Vikas Manch,"1, Ashok Vihar",Gurgaon,san_info@usa.com,NOT AVAILABLE,91-98911 62121,,To make a bunch in India.
All India Anti Reservation Front,"Dt-146, Tirkha Colony",Faridabad,antireservationmorcha@gmail.com,NOT AVAILABLE,93105 30941,0129-2249188,"Advocacy On Social Issues, Awareness Generation, Child Labour, Child Rights, Child Welfare, Corporate Social Responsibility, Cow Protection Centre (Goushala), Disaster Management, Employment, General – Social Welfare, Human Rights Working For Social, Economical, And Skill Development Of Poor Indians, For Each Caste And Religion."
All India Literacy Development Committee,"730/1, Koltla, Sukhdev Nagar",Panipat,aildc2001@yahoo.co.in,NOT AVAILABLE,,91-180-2640233,
Anadi Seva Parakalp,"555, Sec 21/C",Faridabad,pranav.shukla@anadisevaprakalp.org,NOT AVAILABLE,91-98100 17422,91-129-6454689,Upliftment of the society
All India Youth Association,"C/O Fitness Express GYM, C 14, Surya Vihar, Nr. 4 Sec. Police Chowki",Gurgaon,sandeep17107@yahoo.com,NOT AVAILABLE,91-78272 28225,91-124-4079965,Cultural and social activities.
Amazing Help,"Lohchab, Near Water Tank",Jind,amazinghelp2016@gmail.com,NOT AVAILABLE,"90506 65690, 74046 05690",,"Child Welfare, Climate Change, Community Development, Education, Environment, General – Social Welfare, Human Development, Women Development/Welfare, Women’S Issues, Youth Rural Devlopment."
Ankush Foundation,"1921 A, Saket Colony",Hisar,ankush.foundation@gmail.com,NOT AVAILABLE,92155 00931,,"Anti Drug Campaign, Cow Protection Centre (Goushala), Education, Hiv/Aids, Old Aged Welfare, Orphanage, Sex Workers Welfare, Shelter Home, Trafficking Of Women."
All India Samaj Sewa Kendra,"4, Krishna Colony, Kamani Chowk",Yamuna Nagar,manmohan_singh98@yahoo.com,NOT AVAILABLE,91-93158 96709,,Eradication of poverty through microfinance & sustainable livlihoods.
Aniket Ashray,"4507, Sec 23 A, Huda",Gurgaon,mitleshkochhar@yahoo.co.uk,NOT AVAILABLE,91-98109 83426,,Service to the society with whole hearted emphasis on the under privelleged and the deprived.
Apna Bank Council,"Blue Lane Udyog Nagar, Near Bhagwati Cinema, Dhani Road, Charkhi Dadri",Bhiwani,phogatabc@yahoo.co.in,NOT AVAILABLE,,91-1250-220400,Rural development & self employment to rural youth through enterpreneurship development programme.
Apni Duniya Apna Ashiana,"ADAA Welfare Society, 213, Sector 14",Gurgaon,contact@adaa.in,NOT AVAILABLE,91-98102 45996,91-124-4083193,"Helping, assisting and guiding the lives of street children, orphans, physically handicapped children."
Arsan Educational And Social Organisation,"Vpo Bhadas, Nagina, Mewat",Mewat,arsinafoundation@gmail.com,NOT AVAILABLE,9671583009,0126-8273465,"Child Rights, Child Welfare, Education, Grants/Aids, Hiv/Aids, Livelihood, Minorities, Ngo Management, Self Help Groups, Society And Economy, Training, Women Development/Welfare Education Health."
ANSH,"414, Model Colony",Yamunanagar,rupinderkaur1973@yahoo.com,NOT AVAILABLE,91-98965 53089,91-173-2267180,"Women empowerment, rural development."
ASK – Association for Stimulating to Know How,"V-30/3, Phase-III, Gurgaonx",Gurgaon,askindia@ndf.vsnl.net.in,NOT AVAILABLE,,"91-124-4060353, 91-124-4060354",Association
Ashish Fellowship Society,"Prarthan Bhawan, Suder Nager (DRM)",Amabala,pastorphilipdavid@yahoo.co.in,NOT AVAILABLE,,91-171-2005642,Mentally challenged and semi-orphan and orphan.
Ashadeep Sewa Samiti,"172, Karnal",Karnal,ashadeepsewasamiti@gmail.com,NOT AVAILABLE,,91-184-2283072,Rural development
Association for Development of Indian Traditions Youth & Art,"1E-21 BP Near Geeta Mandir, NIT",Faridabad,bali@faridabad.com,NOT AVAILABLE,,"91-129-2415427, 91-129-2420485","Aged, Art and culture, Education, Rural Development, Training"
AWARES,"Tehsil Complex, Chautala Road",Mandi Dabwali,ka8252@gmail.com,NOT AVAILABLE,91-94162 16468,91-1668-230068,To make people aware about their rights and duties and social and national responsibilities.
Arsina Foundation,"Vpo. Bhadas, Nagina, Mewat",Mewat,arsinafoundation@gmail.com,NOT AVAILABLE,"96715 83009, 9467344603",,"Advocacy On Social Issues, Awareness Generation, E-Governance, Education, Grants/Aids, Health, Hiv/Aids, Information And Communications Technology, Legal Awareness, Livelihood, Ngo Management, Social Awareness, Training, Tribal Development, Women Development/Welfare, Women’S Issues, Youth."
Baba Yogi Neranath Trust,"Lohani, Bhiwani",Bhiwani,vinodknsharma@gmail.com,NOT AVAILABLE,91-98200 33393,91-223-855307,Health
Baba Bhagwan Dass Education Society,"Tikla, Nangal Teju, Bawal",Rewari,bbd.education@gmail.com,NOT AVAILABLE,98967 01751,0128-4260024,"Cow Protection Centre (Goushala), Distance Learning, E-Learning, Education, General – Social Welfare, Health, Old Aged Welfare, Traditional Health, Training, Women Development/Welfare, Women’S Issues."
Bhagat Singh Yuva Club,Charkhi Dadri,Bhiwani,bhagatsinghyuva.club@gmail.com,NOT AVAILABLE,97285 00740,01250-215740,"Child Rights, Education, Gender, Human Development, Youth."
Atamsat Manev Kalyan Evam Adhtyatmik Society,"Adarsh Nagar, Gurgaon",Gurgaon,atamsat@yahoo.com,NOT AVAILABLE,91-93500 32636,91-124-4086813,Help to helpless.
Babu Nath Memorial Health & Vocational Training Society,"569, Sector 18",Faridabad,bnsocial@gmail.com,NOT AVAILABLE,91-98183 25556,,Education
Bhagwati Viklang Punarvas Kendra,"Babu Kulwant Rai Smark Trust, Fathabad",Tohana,bkrstrust@gmail.com,NOT AVAILABLE,,91-169-2230091,
Bharat Vikas Parishad,"Vahdya Hukam Chand Arogyadham, G.T. Road, Bus Stand, Gharaunda",Karnal,info@vhcaherbals.org,NOT AVAILABLE,91-92543 52214,91-174-8253514,Social Service.
Bharat Vikas Sangh,"1674/22, Shree Nagar Colony",Rohtak,"jaswanti_bvs@yahoo.com, ashok_vashisth75@yahoo.com",NOT AVAILABLE,,91-1262-269171,
Association for Children’s Enhancement,"D-1035, Dabua Colony, N.I.T.",Faridabad,acefaridabad@gmail.com,NOT AVAILABLE,91-98738 86282,,"Child education, health."
Bharti Foundation,"47, Udhyog Vihar",Gurgaon,rituparna.sengupta@bhartifoundation.org,NOT AVAILABLE,,91-124-4666000,Education.
Bhiwani Karate Association,"Jalandhara Bhawan, 11, Hatta Lohar Bazar, Kumharan Gali",Bhiwani,jbirenderkumar@gmail.com,NOT AVAILABLE,92530 40394,,Promoting Karate As A Self Defence And Sports For Boys And Girls.
Bhakhariya Jan Seva Trust,"Rewasa Under Flyover, Near T-Point Kanina Road",Mahedragarh,pardeepbhakhariya@gmail.com,NOT AVAILABLE,98137 80998,01285-221231,"Adolescent Girls Welfare, E-Governance, E-Learning, Economics And Finance, Infrastructure, Labour, Medical Relief, Micro-Enterprises, Population, Self Help Groups, Sericulture, Sex Workers Welfare, Water, Wildlife, Women Development/Welfare, Women’S Issues, Yoga, Youth Education And Health."
Ayurved Jagriti Mission,"Vahdya Hukam Chand Arogyadham, G.T. Road, Bus Stand, Gharaunda",Karnal,info@vhcaherbals.org,NOT AVAILABLE,91-92543 52214,91-174-8253514,promotion of ayurveda
Bhartiya Gram Sudhar Samiti,"Sanjany Gandhi Memorial Nagar, Faridabad",Faridabad,bsawrup@hotmail.com,NOT AVAILABLE,,91-129-6546532,Grant for weaker section.
Ch. Mohd. Ramjani Khan Memorial Society,"Bawla, Tauru, Mewat",Mewat,nmssps@gmail.com,NOT AVAILABLE,98133 18609,,"Adolescent Girls Welfare, Advocacy On Social Issues, Art And Craft, Ngo Management, Old Aged Welfare, Orphanage, Peace, Public Administration, Rehabilitation, Rural Development, Social Awareness, Women Development Welfare, Women’S Issues."
ARPANA,"Madhuban, Karnal",Karnal,arct@arpana.org,NOT AVAILABLE,91-98962 31313,"91-184-2380801, 91-184-2380803","Health, education & women empowerment."
Bharat Vikas Parishad Gharaunda,"Physiotherapy Centre, Old Civil Hospital, Gharaunda",Karnal,ajayg1@live.com,NOT AVAILABLE,91-93153 30303,,Social development for all
Centre for Advancement of Village Economy,"Dhana, Sahlawas",Jhajjar,,NOT AVAILABLE,,"91-1251-276114, 91-1251-253341","Aged, Agriculture, Child welfare, Development(General), Education, Environment, Health, Human Rights, Local Administration, Rural Development, Sanitation, Training, Water, Women’s issues"
Child Welfare & Educational Society,"B 516, Opp. A.D.Sr.Sec. School, Dabua Colony",Faridabad,childwelfarees@gmail.com,NOT AVAILABLE,91-99714 59133,91-129-2480194,"Education, health, NRM, water, women empowerment, child development, rural development."
Creative Concept Society,"3741, Jawahar Colony",Faridabad,ccsngo2009@gmail.com,NOT AVAILABLE,"98993 75003, 88261 33969",,Social Work.
Cow Club India under the aegis of Sri Giriraj Ji Goshala Seva Sansthan,"SCF 9, Sector 14, Shopping Complex",Faridabad,info@cowclubindia.com,NOT AVAILABLE,91-98731 13355,91-129-2263939,Animals & birds care centre.
Dada Lakhmi Chand Kala Vikas Manch,"Opp. Maha Luxmi Furnishing, Desraj Colony",Panipat,"v4virendera@gmail.com, president@dadalakhmichandkvm.org",NOT AVAILABLE,91-94161 33344,,
Day Scholar Education Society,"Gulati Road, Samalkha",Panipat,vatsa.rakesh@rediffmail.com,NOT AVAILABLE,91-98969 05451,,To spread computer and school eucation in all our.
Ch Anwar Khan Gramin Vikas Shiksha Sudhar Samiti,"Chitora, F.P.Jhirka, Mandikhera, Firozpur, Mewat",Mewat,jms00053@gmail.com,NOT AVAILABLE,99912 25785,,"Awareness Generation, Development (General), Employment, General – Social Welfare, Industry, Legal Awareness, Self Help Groups, Social Awareness, Right To Information, Urban Development."
Daya Gramudyag Samiti,"Daya Gram Udyog Samiti, Kothi 1371, Sector 9",Karnal,,NOT AVAILABLE,,91-184-2280371,"Disadvantaged communities, Employment, Rural Development"
Dastakk Sanjha Vichar Manch,"1st Floor, Gaba Shoe Camp, Fatehabad",Tohana,pahwa.jimmy@gmail.com,NOT AVAILABLE,91-97290 90569,,Become our India up and up from grass root.
CIRCLE,"40, Main Post Office",Yamuna Nagar,contact@circle.org.in,NOT AVAILABLE,,,Working nation wide for improving lifestyle & environment of general public.
Bit Education Society & Welfare Council,"Patodi Road, Tauru, Mewat",Mewat,biteducationsociety@rediffmail.com,NOT AVAILABLE,98120 24398,,"Development (General), Distance Learning, E-Governance, E-Learning, Education, Employment, Information And Communications Technology."
Edwell,"H 745 A, Palam Vihar",Gurgaon,edwellngo@gmailcom,NOT AVAILABLE,91-98991 75657,,Networking
EESHA – Education,"Tumbaheri, Jhajjar",Environment,e2sha.tumbaheri@gmail.com,NOT AVAILABLE,78380 814992,,"Child Welfare, Education, Employment, Environment, Health, Poverty, Rural Development, Waste Management, Women Development/Welfare Women Empowerment and Education Development In Rural India."
Daya Gramin Sewa Mandal,"153, Prem Nagar",Hissar,satyavir_1968@rediffmail.com,NOT AVAILABLE,91-92158 00110,91-1662-253753,Livelyhood promotion.
Deep Jyoti School of Education Society,"SCF 254, Sector 16",Panchkula,djsesindia@gmail.com,NOT AVAILABLE,"91-98155 44600, 91-94170 55301",,Education
Deenbandhu Educational Society,"1, Pana Baithan, Beri",Jhajjar,deenbandhungo@gmail.com,NOT AVAILABLE,98127 77237,,Social Work.
DRONAH – Development & Research Organisation for Nature,"A-258, Gurgaon",Arts & Heritage,dronah@gmail.com,NOT AVAILABLE,,91-124-4082081,"Built heritage, natural heritage and community."
Eklavya Raktdan Club,"432, Sector 8, Urban Estate",Karnal,info_eklavya@yahoo.com,NOT AVAILABLE,91-98964 34569,,To arrange blood for needy.
Euroasia Lakshya Foundation,"606, Sec 22, N.I.T",Faridabad,euroasialakshya@yahoo.in,NOT AVAILABLE,91-94122 55745,91-129-4120606,"Education, upliftment of poor section of society through education & other resources."
ELA Women’s Development Society,"B-78, Ashoka Enclave, Sector 37",Faridabad,elawomenorg@gmail.com,NOT AVAILABLE,,,Women’s issues and empowerment
EVAD,"Near Bohra Public School, Chawla",Ballabgarh,nagpurerashmi26@yahoo.com,NOT AVAILABLE,91-98991 64897,,
End Poverty,"M 48, South City 1",Gurgaon,supportep@endpovertyindia.org,NOT AVAILABLE,91-98911 27037,,Poverty alleviation
FOOD,"Mata Gate, Jhajjar",Jhajjar,virenderlowchab@yahoo.com,NOT AVAILABLE,91-94642 22222,,To provide food who need it.
EARTH – Environment Awareness & Reform Task-force for Heirs,"Above Godara, Medical Hall",Rohtak,support@earthngo.com,NOT AVAILABLE,91-98969 11778,,Environment awareness and reforms.
FASTEST – Forum for Advancement of Society Through Education,"Top Floor, 2-3, City Centre, Near Huda Park, Hansi Road",Science & Technology,fastest4@sify.com,NOT AVAILABLE,,"91-1664-372060, 91-1664-252541",
Foundation Against Thalassaemia,"1-F-35, Kalyan Singh Chowk N.I.T.",Faridabad,ngoindian@gmail.com,NOT AVAILABLE,,91-129-4019988,"Free medicines, free blood to Thalassaemics."
Global Education & Social Welfare Society,"125/7, Gurgsom",Gurgaon,"geswsg@yahoo.com, kanwalia_rf@yahoo.co.in",NOT AVAILABLE,91-98210 50076,,"Education, health, community development IGP"
Golden Age People,"Sharma’S Nest1402, Sector 8",Faridabad,goldenagepeople@gmail.com,NOT AVAILABLE,88600 68707,0129-2210614,"Old Aged Welfare, Rehabilitation, Social Awareness."
Future Vision Educational Society,"8, Railway Road, Above OBC",Hisar,iecshsr@gmail.com,NOT AVAILABLE,91-98120 33058,91-1662-231058,"Providing IT & other technical education to rural, semi urban, urban unemployed youth."
Gram Swarajya Sansthan,"Gram Swarajya Sansthan, 196, Prem Nagar",Hisar,,NOT AVAILABLE,,91-1662-231525,"Aged, Agriculture, Child welfare, Environment, Health, Rural Development, Training"
Gayatri Khadi Avem Gramudyog Samiti,"Gayatri Khadi Avem Gramudyog Samiti, Outside Jattan Gate",Karnal,,NOT AVAILABLE,,"91-184-2255008, 91-184-2254452","Disadvantaged communities, Health, Human Rights, Rural Development, Training"
Gramin Vikas Mandal,"440 1st Floor, Opp. U.K. Model School, Dabra Chowk",Hisar,gvmsingh.singh3@gmail.com,NOT AVAILABLE,91-99912 33045,,Rural development
Gramin Mahila Avm Shishu Vikas Samiti,"Garhi Birbal, Karnal",Karnal,grams_gbl@yahoo.co.in,NOT AVAILABLE,,91-184-2370012,Social activity.
Gramin Yuva Avm Mahila Vikas Sansathan,"Near Main Post Office, Kamboj Photostate, Indri",Karnal,yuvaindri@yahoo.com,NOT AVAILABLE,91-94162 95801,,To promote information collaborations and constructive communication between ngos.
Gramin Yuva Shiksha Society,"Near Bus Stand, Dighal",Jhajjar,gyss2147@gmail.com,NOT AVAILABLE,91-98124 41831,,Social awareness.
Godhan Jagriti Abhiaan Society,"297, Sector 21-B",Faridabad,satishgopala09@rediffmail.com,NOT AVAILABLE,,91-129-4047847,Gau Sewa
Green Earth 2025 Foundation,"203-B, 16, Nai Basti",Guegaon,gearth.2025@gmail.com,NOT AVAILABLE,95400 02100,,"Adolescent Girls Welfare, Agriculture, Animal Welfare, Anti Drug Campaign, Art And Craft, Blindness, Cow Protection Centre (Goushala), Cultural Issues, Development (General), Environment, Fair Trade, Forest Management, Forestry, Herbal Medicine, Human Development, Infrastructure, Labour."
Gramin Vikas Mandal,"Gramin Vikas Mandal, Seva Sadan",Charkhi Dadri,,NOT AVAILABLE,,91-1250-222922,Development(General)
Geeta Institute of Information Technology,"Street 1, Vikas Nagar, Opp NFL Colony",Panipat,giitpanipat@rediffmail.com,NOT AVAILABLE,91-92152 91129,91-180-2660894,To provide better computer education.
Gramin Vikas Samiti,"504/1, Bhim Garh Kheri",Gurgaon,graminvikassamiti@yahoo.com,NOT AVAILABLE,91-92500 56255,,"Rural development, support in health, education & community development."
Gurgaon Gramin Mahila Mandal,"310, Sector 39, Huda Plots, Opp. Medi City",Gurgaon,ggmmgrg@gmail.com,NOT AVAILABLE,91-99104 03229,91-124-2580220,"Development, empowerment & welfare of grass root level rural women."
Gyan-Jyoti Educational & Charitable Society,"C 1 Surya Vihar, Sec. 4",Gurgaon,gyanjyoti.india@yahoo.in,NOT AVAILABLE,"91-98998 29443, 91-99689 52517",91-124-4040979,Education & charity
Hansraj Jansewa Sansthan,"447, Chandarpure Colony",Ambala,hansraj.jansewa@gmail.com,NOT AVAILABLE,97292 50122,,"Art and Craft, Awareness Generation, Development (General), Education, Environment, General – Social Welfare, Social Awareness, Training."
Haryana Computer Welfare Education Centre,"Lyceum Institute of Management Technology, Panipat",Panipat,ssharma@yahoo.com,NOT AVAILABLE,,91-180-2583051,Poor girls education.
Haryana Sporboard & Academy,"Bharat Nager, Bawari Gate, Pajawa Main Road",Bhiwani,vatsnews@gmail.com,NOT AVAILABLE,,,Sports.
Haryana Nav Yuvak Kala Sangam,"443/30, Dev Colony, Delhi Road",Rohtak,jasphool@del2.vsnl.net.in,NOT AVAILABLE,,"91-1262-42394, 91-1262-50656","Disadvantaged communities, Environment, Sustainable Development, Women’s issues"
Haryana Paryavarn Sanrakshan Aur Sodh Samiti,"Haryana Paryavarn sanrakshan Aur Sodh Samiti, Charkhi Dadri",Charkhi Dadri,,NOT AVAILABLE,,91-1250-22095,"Education, Environment, Forestry, Sanitation"
Haryana Welfare Computer Education Society,"Madlauda, Panipat",Panipat,ssharma2007@yahoo.com,NOT AVAILABLE,,91-180-2583051,Women education in rural.
Haryana Rural Development Farmer’s Association,"66/22, Kishanpura, Sonepat Road",Rohtak,,NOT AVAILABLE,,"91-1262-46552, 91-1262-45050","Development(General), Women’s issues"
Haryana Yuva Kisan Club,"Chamber 97 A, Courts Sonepat",Sonipat,mail@vinaychhikara.com,NOT AVAILABLE,91-98122 06000,91-1302-221630,Boost the young potential in agricultre.
Health Aid Medicare,"491, Sector 2",Panchkula,schoolhealthaid@gmail.com,NOT AVAILABLE,91-94170 08878,,Child health.
Haryana Welfare IT Education Society,"Nr. Arya Boys School, Huda Complex, Narwana",Jind,hwite.org@yahoo.com,NOT AVAILABLE,91-94161 92972,,Social awareness.
HEW Co-operation,Gurgaon,Gurgaon,hew_cooperation@yahoo.com,NOT AVAILABLE,91-99532 04867,,"Health, education, work co-operation"
Haryana Women Welfare Fedration,"486, Sector 20",Kaithal,suneetadhariwal@indiatimes.com,NOT AVAILABLE,,91-1746-234824,Women empowerment and gender equality.
HEMA Foundation,"V 8/1 (GF), DLF Phase 3",Gurgaon,ramanaidu@airtelmail.in,NOT AVAILABLE,91-98993 88583,91-124-4061136,Age care.
Gyan Sanjeevani Seva Samiti,Krishna Colony,Palwal,gyansanjeevani@outlook.com,NOT AVAILABLE,99683 61469,,"Advocacy On Social Issues, Education, Employment, Forest Management, General – Social Welfare, Medical Relief, Science And Technology."
Hope and Care Foundation,"L-512, Jalvayu Tower",Gurgaon,hopencarefoundation@gmail.com,NOT AVAILABLE,98110 41417,,"Rural Development, Self Help Groups, Social Awareness, Society And Economy, Sustainable Development, Training, All Youth, Women, Should Be Skilled And Capable To Generate Good Income. Maintain Good Life Style, Education, Good Health And Awareness About New Developments Like Solar Energy Etc."
Haryana Viklang Kalyan Sangh,"13, Subash Road",Rohtak,hvksrohtak@yahoo.co.in,NOT AVAILABLE,91-98133 71279,,To the disabled for the disabed and by the disabled.
I Love My City,"65, Sector-15-A",Faridabad,pp.singh@ilovemycity.in,NOT AVAILABLE,,91-129-4027997,Voluntary organization to uplift the city.
Hope And Faith,"5, Deep Nagar",Hisar,hopeandfaithngo@gmail.com,NOT AVAILABLE,"98122 66444, 90345 63223",,"Adolescent Girls Welfare, Art And Craft, Awareness Generation, Child Rights, Community Development, Education, Employment, Environment, General – Social Welfare, Health, Human Rights, Plantation, Pollution, Women Development/Welfare, Yoga, Youth."
Help People Group,"New Mandi, Narnaul",Mahendergarh,helppeople2008@gmail.com,NOT AVAILABLE,,91-1282-257962,
Indian Handicapped Welfare Association,Gurgaon,Gurgaon,ihwa.hcad@gmail.com,NOT AVAILABLE,,,"Wlefare of disabled, weaker section of soicety, widows."
Indian Identity Organization,"2, Aashirwad Building",Panipat,sandeep11184@hotmail.com,NOT AVAILABLE,91-98960 15011,,Help the people for provide the self identity.
Hum Foundation,"653/8, New Laxman Calony",Kurukshetra,humfoundationkkr@gmail.com,NOT AVAILABLE,98121 54381,,"Education, Environment, Sanitation."
Indian Rural Development Society,"Tain, Nuh",Mewat,mdhussain1981@gmail.com,NOT AVAILABLE,"91-80533 91603, 91-90502 46677",91-1267-271038,Social working
Indian Resource & Development Association,"Raghunath Manas Mandir Colony, Gurukul, Dhand Road",Kurukshetra,irada.association@gmail.com,NOT AVAILABLE,91-94662 90732,91-1744-239717,"Education, science communication, child development."
Institute of Mathematics,"H 501, Palam Vihar",Gurgaon,ashay@dharwadker.org,NOT AVAILABLE,,91-124-4074024,Fundamental research in mathematics and its applications.
Jai Swachhta Samiti,"Opp. K.G. Clinic Building, Sirsa",Sirsa,linksanjaygupta@gmail.com,NOT AVAILABLE,,91-1666-234526,Social work & development
Indian Charitable Foundation,"303, Chopra Garden",Yamuna Nagar,icftiynr@gmail.com,NOT AVAILABLE,90505 50091,01732-250003,"Community Development, Consumer Issues, Corporate Social Responsibility, Employment, Energy, Environment, Fair Trade, General – Social Welfare, Legal Awareness, Rehabilitation, Research, Science And Technology, Self Help Groups, Social Awareness, Traditional Health, Trafficking Of Women, Urban Development, Volunteers, Women Development Welfare, Women’s Issues To Organise Community People To Fight Against Social Evils."
Jan Jagriti Yuva Mandal,"Sutana, Panipat",Panipat,singh.ranbir83@yahoo.com,NOT AVAILABLE,91-98139 17320,,Social welfare.
Jan Sewa Vahini Charitable Trust,"148, Atmadpur, Sector-30",Faridabad,trustjsv@gmail.com,NOT AVAILABLE,99903 70076,,"Animal Welfare, Awareness Generation, Cancer Patients Help, Child Labour, Child Rights, Child Welfare, Community Development, Cow Protection Centre (Goushala), Education, Environment, General – Social Welfare, Health, Hiv/Aids, Human Development, Human Rights, Livelihood, Plantation, Pollution, Rehabilitation, Research, Trafficking Of Women, Water, Women Development/Welfare."
Indian Red Cross Society,"Indian Red Cross Society, Rohtak",Rohtak,,NOT AVAILABLE,,"91-1262-244588, 91-1262-242222","Disability, Health"
Jagrti Yuva Sansthan,"Asadpur, Nandnour",Sonipat,sapna60186@gmail.com,NOT AVAILABLE,91-98131 68135,91-130-2415307,"Education, youth, health women empowerment, rural development, child development."
Janta Shiksha Samiti,"1st Floor,Khalsha Complex, S.K. Road Ladwa",Kurukshetra,jantashikshasamiti@gmail.com,NOT AVAILABLE,91-93156 07007,91-1744-312801,
Indian People Welfare Society,"Opp. Padma City Mall, Near SBI Bank",Kaithal,Indianpeoplewelfaresociety@gmail.com,NOT AVAILABLE,92156 66111,017463-22681,Social Work.
Jeevan Jyoti,"Naraina Didwari Raod, Panipat",RD Memorial Education Society,durga.virender@gmail.com,NOT AVAILABLE,,,
Jan Parivartan Sanstha,"483, Sector-29",Faridabad,janparivartansanstha@gmail.com,NOT AVAILABLE,"96549 89759, 97166 13803",,Social Work
Jeevanrakshak,"5-A, 1st Floor, Surya Kiran Building",Gurgaon,info@jeevanrakshak.org,NOT AVAILABLE,,91-124-2223202,Improve health status in India.
Jeewan Suraksha Society,"Ramesh Nagar, Camp",Panipat,10columns@gmail.com,NOT AVAILABLE,91-92551 91811,,
Janta Education Samiti,"Kailash Complex, Rohtak",Rohtak,manoj_chaliya@yahoo.co.in,NOT AVAILABLE,,,"Awareness, give education."
Junoon Social Welfare Society,"1382/13, Urban Estate",Kurukshetra,junoonkkr2001@gmail.com,NOT AVAILABLE,91-84163 34856,,"Education, health, environment, awareness, RTI, advocacy, differently abled."
Jyoti Society,"358, Sector 14",Rohtak,d.budhwar@yahoo.com,NOT AVAILABLE,,91-1262-295835,Social development
Kaluana Welfare Shiksha Samiti,"Kaluana Mandi, Dabwali",Sirsa,2505rss@gmail.com,NOT AVAILABLE,93155 82200,,"Education, Health, Herbal Medicine, Rural Development, Social Awareness, Youth Girls Education."
Jan-Jagriti Sansthan,"Jan Jagriti Sangathan, Kurukshetra",Kurukshetra,,NOT AVAILABLE,,"91-1744-225129, 91-1744-224852","Environment, Health, Population, Rural Development"
JSS – Jan Shikshan Sansthan,"46, Sector 1",Rohtak,jssrohtak@rediffmail.com,NOT AVAILABLE,,91-1262-272347,Empower the youth through vocational training.
Jansewavahini,"16/6, 2nd Floor, Main Mathura Road",Faridabad,jansewavahini@gmail.com,NOT AVAILABLE,"72910 78197, 98112 57202",0129-4143532,"Advocacy On Social Issues, Anti Drug Campaign, Awareness Generation, Cancer Patients Help, Child Labour, Child Rights, Child Welfare, Climate Change, Community Development, Cow Protection Centre (Goushala), Disability, Education, Environment, Food and Nutrition, General – Social Welfare, Health."
Jeevan Jyoti,"New Light Academy, Christian",Yamunanagar,jeevan_jyoti_org@yahoo.com,NOT AVAILABLE,91-94164 69536,91-1735-276675,Community development of poor people.
Khwahhishein Foundation,"12, Silver Oaks, Dlf Phase-1",Gurgaon,khwahishein2013@gmail.com,NOT AVAILABLE,85878 82383,,"Awareness Generation, Child Labour, Child Rights, Child Welfare, General – Social Welfare, Livelihood, Old Aged Welfare, Volunteers."
Karam Bhoomi Sansthan,"Kheri Markanda, Sirsala",Kurukshetra,,NOT AVAILABLE,,"91-1744-221683, 91-1744-223422","Education, Health, Micro-enterprises"
Karuna Pranimatra Sewa Sangh,"162, Rishi Nagar",Hisar,drvedbansal@yahoo.co.in,NOT AVAILABLE,91-99963 56816,,"Veterinary, nutritional, shelter services to needy beings"
Lord Krishna Trust,"385/2, Rambir Singh Colony",Jind,jkjind@gmail.com,NOT AVAILABLE,,91-1681-326999,Social service.
Khajani Devi Welfare Society,"2nd Floor, Kokila Building, Leo Chowk, Near BMG Mall",Rewari,kdwsindia@gmail.com,NOT AVAILABLE,,91-1274-253245,Spread computer literacy.
Literacy India,"J-1365, Palam Vihar",Gurgoan,literacyindia@hotmail.com,NOT AVAILABLE,,"91-124-5071223, 91-124-5070692","Art and culture, Child Labour, Child welfare, Community Development, Development(General), Education, Employment, Poverty, Rural Development"
M.D.D. Bal Bhawan (Orphanage),"Anathashram Building, Rajiv Puram",Karnal,mddofindia@yahoo.com,NOT AVAILABLE,91-94160 30683,91-1842-285683,Child development.
Maanav Niketan Charitable Trust,"Mohammadpur Road, Behind HDFC Bank, Ward- 1, Tauru, Mewat",Mewat,maanavniketanct015@gmail.com,NOT AVAILABLE,98136 58665,,Child Rights Better Development Of Future Of Orphan Children’s.
Mahila Avm Bal Vikas Sangthan,"Chauhan Bhawan, Masani Road, Near Pathshala",Mahendergarh,dineshrajchauhan@rediffmail.com,NOT AVAILABLE,91-94161 84161,91-1285-220691,"Women empowerment, child development."
M.C. Educational Society,"Ward 2, Near Krishana Mandir, Indri",Karnal,malhotrashyam2@live.in,NOT AVAILABLE,91-98960 91970,91-184-2382520,Helping to find A to Z
Lakshay Manav Sewa Samiti,"1533 H.B.C, Sector 14",Sonipat,parveenaneja77@gmail.com,NOT AVAILABLE,91-98124 27894,91-130-2231097,To promote health.
Massiah Welfare Association,"A 1030 B, Dabua Colony, NIT Faridabad",Faridabad,enoch7284@gmail.com,NOT AVAILABLE,91-90155 42114,91-129-2484169,
Kumauni Mitra Mandali,"1848 A, H.B. Colony, Sector 55",Faridabad,sckurai@gmail.com,NOT AVAILABLE,91-98187 31335,,Social work
Manav Rakshak Sewa Samiti Haryana,"V Madanheri, Hisar",Hisar,mrssh@rediffmail.com,NOT AVAILABLE,"91-98126 10284, 91-99916 10710",91-1663-292184,Social welfare
Mata Parmeshwari Trust,"Gangaputra, Jind",Jind,editorgpt@yahoo.com,NOT AVAILABLE,,91-1681-226786,Social service
Mahila & Bal Utkarsh Samiti,"870/29, Devnagar",Sonipat,viskar_chauhan@yahoo.co.in,NOT AVAILABLE,91-99960 19838,,To develop our society.
Mewat Educational & Social Awakening Society,"Ward No.1 Nangli Road, Near HBC",Nuh,mysaifi@msn.com,NOT AVAILABLE,91-98968 92907,,Educational and social awakening
Maxvision Social Welfare Society,"1st Floor, Ashok Vihar, Phase-1, Gali-2, Railway Road",Gurgaon,info@maxvisionsws.org,NOT AVAILABLE,92509 20005,0124-4057946,Social Work
Mera Parivar Ngo,"267, Sector 14",Gurgaon,meraparivar@gmail.com,NOT AVAILABLE,93130 37887,,"Adolescent Girls Welfare, Advocacy On Social Issues, Child Rights, Community Development, Legal Awareness, Training, Women Development/Welfare, Women’S Issues, Youth."
Manav Sewa Raqatdaan Samiti,"Ward 7, Khatak Bhawan, Siwani",Bhiwani,vinodkhatak98@gmail.com,NOT AVAILABLE,91-92555 78427,,To organis the blood donation camps & motivate others to donate the blood.
Mewati Educational and Devlopment Samiti,"Maluka, Uttawar, Hathin",Palwal,hasankhanmewatisamiti@gmail.com,NOT AVAILABLE,98138 51506,,"Disability, Employment, Sanitation Educational And Development."
Mission Jagriti,"C-194, Firoj Gandhi Nagar, Dabua Colony N.I.T.",Faridabad,parveshmalik@yahoo.co.in,NOT AVAILABLE,91-98180 66262,,To creat moral values.
Manav Vikas Avem Kalyan Trust,"784/31, Gali 4 Dhanwapur Road, Opp. 4 Laxman Vihar Phase 2",Gurgaon,anil.samanayia@gmail.com,NOT AVAILABLE,91-98119 34374,,Manav Kalyan
Mission Learning Foundation,"T-183/4, New Palam Vihar, Phase-2, Sector-109,",Gurgaon,feedback@missionlearning.org,NOT AVAILABLE,"97170 80027, 98185 41729",,"Corporate Social Responsibility, Education, Food and Nutrition, Volunteers."
Mission to the Desperate & Destitute of India,"P.B. No. 137, Rajivpuram, Phoosgarh Road",Karnal,mddofindia@yahoo.com,NOT AVAILABLE,91-94160 30683,91-184-2285683,Welfare of the poor and needy.
Mewat Sehyoge Foundation,"Apna Bazar, Tauru, Mewat",Tauru,msfrafik58@gmail.com,NOT AVAILABLE,98130 74143,,Social Work.
Munjal Study Institute,"Opp. Main Post Office, Sirsa",Sirsa,msi.1_2007@yahoo.com,NOT AVAILABLE,91-98134 60518,91-1666-222622,"Education, women empowerment, hiv/aids, women."
Mission IT Education Society,"Dwarka, Bhiwani",Bhiwani,psulakh@gmail.com,NOT AVAILABLE,91-94667 56858,91-1252-217498,Computer literacy.
National Child Relief Services,"1160, Ram Nagar Colony",Faridabad,support@nationalcrs.org,NOT AVAILABLE,93113 33660,0129-6546542,"Cancer Patients Help, Child Labour, Child Welfare, Disability, Disaster Management, Education, Employment, Food and Nutrition, Health, Hiv/Aids, Medical Relief, Physically Disabled, Plantation, Poverty, Rehabilitation, Shelter Home, Social Awareness, Volunteers, Women Development/Welfare."
National Ghoomer Academy of Arts & Culture,"195 D, Sector 12",Panchkula,satyamevjayteharyana@yahoo.com,NOT AVAILABLE,91-92155 00561,91-1722-2569166,Promotion of arts and culture and social awareness cultural.
National Medical Welfare Society,"28, N.C Jindal Hospital Market",Hisar,krishansharma1033@yahoo.com,NOT AVAILABLE,,91-1662-223311,Medical education
Mission 21 Foundation,"2725, Sector 17, Huda",Yamuna Nagar,mission21foundation@gmail.com,NOT AVAILABLE,,91-1732-262960,Change the society through providing education health care and business and enterpraisers through.
Khushboo Welfare Society,"Sector 10 A, Near Lions Public School",Gurgaon,khushboowelfaresociety@gmail.com,NOT AVAILABLE,,"91-124-4140885, 91-124-4140886, 91-124-4140887",Disability
NEDAN Foundation,"Bellary 316, Jalvayu Towers, Sector 56",Gurgaon,nedan_ne@yahoo.co.in,NOT AVAILABLE,91-98110 17772,91-124-2807280,"Community Development, Development(General), Education, Forestry, Gender, Governance, HIV/AIDS, Livelihood, Poverty, Rural Development, Trafficking of women, Training, Women’s issues"
Nayirahein,"Jasraj Baisloa, Mewla Maharajpur, Jagatpura",Faridabad,manojbaisla2007@gmail.com,NOT AVAILABLE,92100 00722,,Social Work
Nabet India,"177, Sector-8, Imt Manesar",Gurgaon,usha.nab@gmail.com,NOT AVAILABLE,98992 67366,,"Blindness, Corporate Social Responsibility, Disability, Employment, Forestry, Livelihood, Physically Disabled Environment Protection, Disabled Welfare, Blindness, Employment Generation For Underprivileged Computer Literacy Skill Development For Iti And Underprivileged Grduates."
National Association for the Blind,"K C Road, NIT",Faridabad,,NOT AVAILABLE,,91-129-2419232,"Disability, Rehabilitation, Training"
National Institute of Medical Sciences,"Sector 23 A, Near Huda Market",Faridabad,nimshospital@gmail.com,NOT AVAILABLE,91-93110 24800,91-129-2446565,Health care
Neschay Charitable Society,"Gupta Type and Photostate, Jind",Jind,guptamohit04@gmail.com,NOT AVAILABLE,91-99964 89945,,Helping needy persons in any possible way.
Net Ram Goyat Welfare Socity,"375 Sec-15, Jagadhri",Yamuna Nagar,Kunalgoyat770@Gmail.Com,NOT AVAILABLE,93151 63332,,"Agriculture, Anti Drug Campaign, Child Labour, Cow Protection Centre (Goushala), Plantation, Social Awareness, Youth Give More And More Work To Citizens And Help The Handicaped Peoples."
Nirogdham Manav Kalyan Nirman Society,"36, Old Housing Board Colony",Bhiwani,bajaj945@gmail.com,NOT AVAILABLE,91-94160 87780,,To help disabled persons and nation.
Nirmal Institute of Medical Sciences,"69 Jernally Colony, Opp. Civil Hospital",Karnal,nims1999@gmail.com,NOT AVAILABLE,91-98964 22555,"91-184-2201999, 91-184-2202999","Health, education, child development."
NIFAA – National Integrated Forum of Artists & Activists,"26, IIIrd Floor, Sector 13 Market",Karnal,Nifaaindia@yahoo.com,NOT AVAILABLE,,91-184-2201100,"To fight against social evils like female feticide, aids, intoxication."
North Himalayan Environment Protection & Education Society,"SCF 14, Sector 15",Panchkula,dr_opsingh2001@yahoo.com,NOT AVAILABLE,91-98152 19741,,Education and environment protection.
Novelty Exploration Research Organization,"1471/31, Pragati Nagar",Sonipat,contact.nero@yahoo.in,NOT AVAILABLE,91-94667 64823,,Novelty exploration research organization was formed to enhance r & d climate in the nation.
Nav Yuvak Sangh Welfare & Educational Society,"1 Sgm Nagar, Sector 48, Near B N Public School 22Ft. Road",Faridabad,navyuvaksanghngo@gmail.com,NOT AVAILABLE,"91-98103 14277, 91-98738 06372, 91-98716 10615",,Education
Padho Likho Badho,"Buria Chowk, Near SBI Bank, Jagadhri",Yamunanagar,plb.ynr@gmail.com,NOT AVAILABLE,98133 16813,,"Awareness Generation, Child Labour, Child Rights, Climate Change, Community Development, Distance Learning, E-Governance, E-Learning, Economics And Finance, Education, Fair Trade, Hiv/Aids, Human Rights, Rural Development, Self Help Groups, Waste Management, Water, Wildlife, Youth We Prodive Awareness To People, Door To Door, About All Issue We Organised Champain, Saminar, Workshop About All Our Aim/Objectives."
NHEPES,"SCF 14, Sector 15",Panchkula,dr_opsingh2001@yahoo.com,NOT AVAILABLE,,91-172-2591575,Education and environment protection.
Paryatan,"440/3, First Floor, Sec 12, Gurgaon",Gurgaon,paryatan2014@gmail.com,NOT AVAILABLE,88822 81188,,"Agriculture, Child Labour, Child Rights, Child Welfare, Development (General), Food And Nutrition, Forest Management, Health, Hiv Aids, Human Rights, Local Self Governance (Panchayati Raj), Population, Rural Development, Tribal Development, Urban Development, Water, Women Development Welfare."
PARJA,"Near Gov. Girl School Ratia Gate, Opp. Radha Krishan Mandir",Fatehabad,sarari6185@yahoo.in,NOT AVAILABLE,91-94163 64868,,
Pashu Raksha Samaan Samiti,"1931, Sector 6, Urban Estate",Karnal,prssknl@yahoo.in,NOT AVAILABLE,91-94662 21862,91-184-4047176,Helpless animals care.
Ningania Social Welfare & Environmental Society,"8, Railly, Sector  12-A",Panchkulaa,surinder_bhartiy@hotmail.com,NOT AVAILABLE,91-94173 51156,,Rural development
Plural India,"C – 2020, Sushant Lok Phase I",Gurgaon,info@pluralindia.in,NOT AVAILABLE,,91-124-4040532,Stimulating new markets.
Pragati Social Service Society,"Sneh Sadan Near ITI Chowk, Kunj uppura Road",Karnal,psssdlpro@gmail.com,NOT AVAILABLE,,91-184-2266663,Programme officer
PRAGYA,"A-212 A, Sushant Lok I",Gurgaon,pragya.in@pragya.org,NOT AVAILABLE,,91-124-26386104,Development(General)
Prerna-Social Welfare Organization,"27, Kashyap Nagar, Jattal Road, Panipat",Panipat,prernaswopnp@gmail.com,NOT AVAILABLE,99964 51683,,"Advocacy On Social Issues, Awareness Generation, Child Labour, Health, Sanitation."
Prayas Nature’s Welfare Society,"118, Jagdishpur, Rathdhana",Sonipat,pnwsindia@gmail.com,NOT AVAILABLE,91-98134 83080,,Working for sustainable development.
Proactive Rural Development Foundation,"F-133, Palam Vihar Extn",Gurgaon,prdf.health@gmail.com,NOT AVAILABLE,,,Community development.
Punjabi Sabha,"C/o Hotel Batra, Pinjore",Panchkula,punjabisabha@yahoo.in,NOT AVAILABLE,91-92152 31530,91-173-3231530,Social services.
Pushpa Devi Charitable Trust,"124-L, Model Town",Sonipat,pushpadevitrust@gmail.com,NOT AVAILABLE,,91-130-2241372,Charity in health & education
People for Animals,"1262, Faridabad",Faridabad,pfafaridabad@yahoo.com,NOT AVAILABLE,91-92139 61501,,"work for animals, environment."
Promove Social Welfare Society,"93, Ground Floor, Ashoka Enclave-I",Faridabad,promove@promoveindia.org,NOT AVAILABLE,91-98183 22334,,Women and child development.
Nishtha – G D Bhatia Centre for Universal Humanvalues,Ambala,Ambala,rbhatia361@gmail.com,NOT AVAILABLE,,,To serve the community.
RAJAT – Rural Association for Jankalyan & Awareness Charitable Trust,"Sachdeva Clinic, Railway Road",Tohana,secretary@rajat.org.in,NOT AVAILABLE,91-98123 31982,91-1692-230444,Fighting for ATM (HIV/AIDS/TB/Malaria & old aged persons problems)
Rose – Rural Organization for Social Empowerment,"Choma, Palam Vihar",Gurgaon,rose_kataria@rediffmail.com,NOT AVAILABLE,,91-124-4387843,
PRABAL,Ambala,Ambala,prabal.NGO@gmail.com,NOT AVAILABLE,,91-171-2670321,"Development, education, eco friendly."
Rural Organisation for Awareness & Development,"C/o Haryana Nursing Home, Kosli",Rewari,ravi_kum007@yahoo.co.in,NOT AVAILABLE,91-97281 60405,,A mission for rural awareness and development.
Rotary Club,"925, Sector 8,",Panchkula,mohinder1953@sify.com,NOT AVAILABLE,,91-172-2560497,"Aged, Child welfare, Food and Nutrition, Health"
Rajat – Rural Association for Jankalyan & Awareness Charitable Trust,"Sachdeva Clinic, Railway Road, Tohana",Fatehabad,manoj2003ai@yahoo.com,NOT AVAILABLE,91-94162 42101,,To work together against hiv/aids.
Sachet Nagrik Sansathan,"Khera Khalilpur, Indri, Nuh Mewat",Mewat,snsmewat@yahoo.com,NOT AVAILABLE,91-92548 19694,91-1275-234598,
SAAHIL – Ek Nayi Soch,"459 GF, Ashoka Encl-III, Sec. 35",Faridabad,saahil.ngo@gmail.com,NOT AVAILABLE,91-99713 11088,,Child health spl juvenile diabetes.
Sahayam Charitable Trust,"220, 2nd Floor, Sun City Trade Towers",Gurgaon,mlakshmi@sahayam.org,NOT AVAILABLE,99711 30176,,"Adolescent Girls Welfare, Advocacy On Social Issues, Anti Drug Campaign, Cancer Patients Help, Child Welfare, Community Development, Corporate Social Responsibility, E-Learning, Human Development, Mentally Handicapped Persons, Old Aged Welfare, Rehabilitation, Sex Workers Welfare Emotional Enrichment."
Ramraj Environment,"C/o RS Consultant, 318, IIIrd Floor",Gurgaon,info@ramrajenv.org,NOT AVAILABLE,,91-124-4064845,"Human rights, charity, legal education."
SAHARA,"34 C, Model Town",Yamunanagar,info@saharango.com,NOT AVAILABLE,91-93550 34141,,Rural development
Sahyog Health & Development Society,"Tanga Gali, Near Ghanta Ghar Chowk",Tohana,sahyog_india@yahoo.in,NOT AVAILABLE,91-92159 32900,,Healthcare sector.
Parja Social Welfare & Resches Soceity,"Ratia, Fatehabad",Fatehabad,Sarari6185@yahoo.in,NOT AVAILABLE,91-93555 64898,,Social work.
RUDRA,"Manhendragarh, Bewal",Bewal,rundrabewal@gmail.com,NOT AVAILABLE,91-94168 18108,,Rural upliftment.
Samaj Vikas Prayatna Kendra,"Sohansara, Loharu",Bhiwani,svpk2007@rediffmail.com,NOT AVAILABLE,91-90171 73602,91-1252-254020,Integrated rural development.
Sanshil Foundation for Welfare,"1, Birch Court, Nirvana Country, South City 2",Gurgaon,contact@sanshil.com,NOT AVAILABLE,91-98733 29733,91-124-4269733,"Education, women empowerment, environment"
Samearth Foundation,"FF-12, Parsvnath City Mall, Sector 12",Faridabad,vikramgkaushik@gmail.com,NOT AVAILABLE,98713 90284,,"Art and Culture, Awareness Generation, Economics and Finance, Fair Trade, Infrastructure, Local Administration, Old Aged Welfare, Sericulture."
Sarla Devi Welfare & Education Society,"316, Defence Colony",Hisar,bluesanjay@yahoo.com,NOT AVAILABLE,91-99916 10718,91-1662-270427,To work for weaker & rural areas.
Sambhavana Welfare Society,"303, AKD Tower, Sector 14",Gurgaon,yadavamar123@rediff.com,NOT AVAILABLE,91-98914 70405,,"Welfare in medical sector, disabled person, education for childeren."
SAMBHAV – Social Action for Mobilizatio Betterment of Humans Through Audio-Visuals,"356, Sant Nagar",Hisar,sambhavworld@yahoo.co.in,NOT AVAILABLE,91-98132 72061,,Socio-cultural issues
Sarvmanglam Institute of Hardware Technology,"158/11, Nehru Colony",Rohtak,kmukesh59@rediff.com,NOT AVAILABLE,,91-1262-235406,To make computer litterate.
Saraswati Vidya Mandir Educational Society,"685 R, Model Town",Panipat,brmips.pnp@gmail.com,NOT AVAILABLE,91-98130 96886,91-180-3252202,Health
SAVERA – Social Service Organisation,"Kirori, Hisar",Hisar,balkar59@rediffmail.com,NOT AVAILABLE,91-94162 93364,,"Education, health, environment, women and child develop, rural development."
SAWS – Shri Astha Welfare Society,"390, Ward No. 2, Naraingarh",Ambala,ashu_verma143@yahoo.com,NOT AVAILABLE,91-98137 11770,,All kind of work.
SAUGAT,"Opp. Govt. Sr. Sec. School, Anaj Mandi Road, Shiv Chowk",Sirsa,saugat.ngo@gmail.com,NOT AVAILABLE,"91-98123 83257, 91-98120 72663",91-166-6300086,Serve the society.
Sartaj Jan Sewa Group,"Krishna Complex, Azad Chowk",Mahendergarh,sartajjansewa.mgarh@gmail.com,NOT AVAILABLE,94682 83152,01285-222007,"Agriculture, Animal Health, Animal Welfare, Anti Drug Campaign, Art And Craft, Awareness Generation, Child Labour, Child Rights, Climate Change, Community Development, Cow Protection Centre (Goushala), Cultural Heritage., Cultural Issues, Development (General), Energy, Fair Trade, General – Social Welfare, Health, Human Development, Human Rights, Information And Communications Technology, Legal Awareness, Medical Relief, Mentally Handicapped Persons, Peace, Pollution, Population, Poverty, Public Administration, Rural Development, Social Awareness, Training, Tribal Development, Urban Development, Waste Management, Water, Wildlife, Women Development/Welfare, Women’s Issues, Yoga, Youth."
Savera Women Empowerment Group,"227, Faridabad",Faridabad,rijuta@gmail.com,NOT AVAILABLE,91-98182 47918,,Women empowerment
Sehyog Welfare Society,"629, New Prem Nagar",Karnal,sehyogwelfare@gmail.com,NOT AVAILABLE,91-92155 55667,,Social work
SEWA – Society for Education & Welfare Activities,"Near Power House, Choudhani, VPO Nangal Choudhary",Mahendergarh,sewamgarh@yahoo.co.in,NOT AVAILABLE,91-94163 84735,,For raise funds for different welfare activities of the Organization.
Search Years,"E-2158, Ansals Palam Vihar",Gurgaon,info@searchyears.org,NOT AVAILABLE,,91-124-4060500,Providing quality education to underserved children in govt schools & to out of school children.
SEET – Society for Education & Environmental Training,"F 19 A, Sushant Lok 2, Sector 56",Gurgaon,seet2007@rediffmail.com,NOT AVAILABLE,91-92133 66339,91-124-4209080,"Education, rural development, women empowerment."
Shirdi Sai Baba Temple Society,"Sai Dham, Sector 86, Tigaon Road",Faridabad,motilal@saidham.in,NOT AVAILABLE,91-98103 97034,91-129-2229931,"Education, health, mass marriage for poor girls, vocational training."
Sewadharam Patient Care Society,"1244, Sec-28",Faridabad,sewadharam@yahoo.in,NOT AVAILABLE,95557 82344,0129-4038344,"Health, Orphanage Patient Care."
Shivratna Charitable Cancer Eradication Society,"419, Sector 10",Faridabad,healthyandcancerfree@gmail.com,NOT AVAILABLE,,91-129-4003121,Total health & cancer prevention/eradication.
Shikhar Chetna Sansathan,"Shastri Marg, Vidya Nagar",Bhiwani,shikhar.bhiwani@gmail.com,NOT AVAILABLE,,91-125-3287750,Rural Development
Shri Baba Tara Charitable Hospital & Research Centre,"Rania Road, Sirsa",Sirsa,capkaggarwal@gmail.com,NOT AVAILABLE,,91-1666-242530,Medical Relief to all
Shelters Voluntary Trust,"A-2210, Gate No.5, Green Fields Colony, Aravali Hills",Faridabad,help@sheltersindia.org,NOT AVAILABLE,91-99999 29288,,"The NGO imparting education, medical assistance, social & economic welfare specially to the people."
Sathi – A Welfare Society,Sirsa,Sirsa,deep.1050@rediffmail.com,NOT AVAILABLE,91-94169 22939,,Work for the improvment of public health.
Shree Krishna Seva Samiti,"New Anaj Mandi, Hodal",Faridabad,jitender@sevasamiti.org,NOT AVAILABLE,91-94163 26589,,
Society for Animal Health Agriculture Science & Humanity,"Railway Colony, Kurushetra",Kurushetra,haryana7sahash@gmail.com,NOT AVAILABLE,91-97285 30755,,SAHASH is dedicated towards the change for the betterment of society.
Spastic Society,"Old Age Home, Sector 4",Gurgaon,spasticsocietyofgurgaon@yahoo.com,NOT AVAILABLE,91-98181 31737,,To tke care of the mentally retarded & spastic children.
SOURCES – Social Organisation of Urban & Rural Community,Jhajjar,Educational Society,sources09@yahoo.com,NOT AVAILABLE,91-97281 00383,,
SR Found,"Pali, Rewari",Rewari,srsystemrew@yahoo.com,NOT AVAILABLE,91-93553 51407,,Jan seva
Sparsh,"Puri Mansion, Rori Bazar",Sirsa,puriravinder@gamil.com,NOT AVAILABLE,91-94160 91610,,"To educate people regarding health, education and environment."
SRIMS Emergency Service Foundation,"DLF City Club, Moulsari Avenue, Near Sai Baba Mandir, DLF Phase 3",Gurgaon,supporthecasue@srims.com,NOT AVAILABLE,,,Free ambulance service.
Social Centre for Rural Initiative & Advancement,"SCRIA, Khori",Khori,,NOT AVAILABLE,,"91-1274-236652, 91-1274-225032",Sustainable Development
SRETA – Society for Rural Economy & Technology Advancement,"Tehna Dipalpur, Rewari",Rewari,,NOT AVAILABLE,,91-1274-277618,"Art and culture, Education, Health, Sanitation"
Sri Nidhi Parmarth Educational Society,"C-237, Ugf Sushant Arcade, Sushant Lok-1, Phase-1",Gurgaon,info@snpes.org,NOT AVAILABLE,96549 00776,,"Adolescent Girls Welfare, Animal Welfare, Child Welfare, Cow Protection Centre (Goushala), Education, General Social Welfare, Social Awareness, Women Development/Welfare."
Society for Protection of Tigers,"B-402, Samanway Apartment",Gurgaon,societyfortigers@gmail.com,NOT AVAILABLE,,,Help in securing a safe haven for the tigers which once roamed in great numbers in the jungles.
Srishti Foundation,"48, Adjoining Head Post Office",Jind,srishti_jind@yahoo.com,NOT AVAILABLE,91-98120 02678,91-1681-256157,To serve environment and humanity.
Subhash Chandra Bose Samajik,"U-59 Rd, DLF III",Sanskritik Evam Saishik Sewa Sansthan,samratgroupinfo@gmail.com,NOT AVAILABLE,91-99113 08800,,"Social work with peace, love & satisfaction"
SUKARYA,"Block E, Sushant Lok Phase I",Gurgaon,Pardeep.sukarya@gmail.com,NOT AVAILABLE,91-97111 49851,,Health.
Suraksha Environment Protection Trust,"Preetam Palace Ke Piche, Friends Colony, Near Disha School, Hissar Road, Khearpur",Sirsa,suraksha772@gmail.com,NOT AVAILABLE,88138 80888,,Social Work
Swaranjali,"A-2315, Sfb, Green Field Colony",Delhi,sitarsubrata@gmail.com,NOT AVAILABLE,99103 00319,,"Cultural Issues, General – Social Welfare, Peace Awareness Of Classical Music Amongst Youth and Underprivileged."
Swasth Bharat Foundation,"782, Sector 14",Gurgaon,grewal_dps@yahoo.com,NOT AVAILABLE,,91-124-2221997,To provide basic treatments to ailing poor from BPL.
Swasthgram,"Gurgaon, Sec 47, 758",Gurgaon,support@swasthgram.com,NOT AVAILABLE,98914 41757,01244-500700,Swasthgram Is Also Involved Into Creating Entrepreneurs and Medical Lab Technician Courses.
Sristi Gyan Kendra,"675/25, Rohtak",Rohtak,kamal@sgk.in,NOT AVAILABLE,91-92155 14437,,Innovation incubation
Shri Radha Rani Gau Seva Trust,"Pelak, Palwal",Palwal,neerajsharmabmw@gmail.com,NOT AVAILABLE,94675 75058,,"Animal Health, Animal Welfare Gau Seva."
Syog Bharti Education Society,Mahavir Colony,Hisar,ybhs1616@gmail.com,NOT AVAILABLE,99964 88699,,"Child Rights, Child Welfare To Develop The Nation By Welfare Of Child And Woman."
The Touch of Hope Foundation,"902 Orchid Gardens, Gh 7 Suncity, Sector 54, Golf Course Road",Gurgaon,chinkholal.thangsing@hotmail.com,NOT AVAILABLE,"91-98188 80388, 91-98182 70687",,High quality humanitarian services.
The Rising Tamso Ma Jyotirgamay,"221 DB, Sector 16 A",Faridabad,"rssharma.rising.@yahoo.co.in, feedback@therising.in",NOT AVAILABLE,91-92138 71515,91-129-4077156,Stop suicides through motivational lectures.
Tin Nari,"B 103, Gulmohar Apartments",Gurgaon,ushanayar5@yahoo.co.in,NOT AVAILABLE,,91-124-4278734,"Education, gender and social development."
SUDHA – Society for Upliftment & Development of Human Beings by Action,"Block?A-One, House 22",Gurgaon,sudhasociety@gmail.com,NOT AVAILABLE,91-98188 56406,,
Umeed Home,"20 A, Lajwanti Colony, Near Rajendra Park",Ambala Cantt.,nikhil.malhotra17@yahoo.com,NOT AVAILABLE,91-89503 29355,91-171-2654650,Welfare association
Technical Education and Skill Development Association,"SCO-54, 2nd Floor, Urban Estate, Sector-5",Kurukshetra,chairmen@tesdaindia.com,NOT AVAILABLE,82954 61122,,"Adolescent Girls Welfare, Anti Drug Campaign, Art And Culture, Awareness Generation, Child Welfare, Corporate Social Responsibility, Cow Protection Centre (Goushala), Distance Learning, General – Social Welfare, Human Development, Information And Communications Technology, Legal Awareness, Ngo Management, Research, Rural Development, Science And Technology, Trade And Industry Welfare, Training, Volunteers, Water, Women Development/Welfare, Youth."
USS – Utthan Sewa Samiti,"Near Gopi Ram Dharmshala, Opp. Hanunan Mandir, Ratia Gate",Fatehabad,utthansewasamiti@gmail.com,NOT AVAILABLE,91-99923 12412,91-1667-325708,Awareness programme.
Sudha The Nectar,"67, Tatvam Villa, Sec-48, Gurgaon",Gurgaon,director@sudhathenectar.org,NOT AVAILABLE,95821 00229,,"Child Welfare, Corporate Social Responsibility, Women Development Welfare Children Education."
Vaastaviktaa,"P.B.No. 8, Hisar",Hisar,"vaastaviktaa@gmail.com, vaastaviktaa@yahoo.co.in",NOT AVAILABLE,,91-1662-234996,"Assessment, appreciation, awareness & advocacy of public intrests."
Universal Health & Paramedical Sciences Society,"Barona, Sonepat",Sonipat,paryasek_koshish@rediffmail.com,NOT AVAILABLE,91-98138 14447,,Women empowerment under womens polytechnic.
Vihanfoundation,"2410/A, Vijay Nagar Colony, Near Arya Kanya School, Budia Chowk, Jagadhri",Yamunanagar,info@vihanfoundation.com,NOT AVAILABLE,99962 42052,0173-2348790,"Child Labour, Child Rights, Child Welfare, Education, Labour, Social Awareness Our Mission Is To Work For The Poor and Disadvantaged People."
USHA – Universal Social Health Association,"441, Sector – 7",Karnal,,NOT AVAILABLE,91-98969 84498,,Services and development
Vipul Help Foundation,"283, Old Housing Board Colony",Rohtak,vipulhelp@gmail.com,NOT AVAILABLE,,91-1262-238868,Service to humanity.
Vision India,"Bal Gram, Sonepat",Sonipat,vision.india.sonepat@gmail.com,NOT AVAILABLE,91-93106 03565,,"Children, women’s development & empowerment."
Viklang Sangh Haryana,"404, Ram Gali, Kirti Nagar",Sirsa,viklangsangh.org@gmail.com,NOT AVAILABLE,91-93542 69951,91-1666-223223,Disability
WCWS – Woman & Child Welfare Society,"Nahara, Sonepat",Sonipat,wcws.volunteer@gmail.com,NOT AVAILABLE,91-98710 34451,,"To promote economic, social and psychological empowerment of women and children."
Umeed Ki Kiran – A Ray of Hope,"390, Sonia Colony, Ambala City",Ambala,umeedkikiran91@gmail.com,NOT AVAILABLE,90341 41244,,"Child Welfare, Education, Women Development/Welfare."
WOMEN – Women Organisation for Motivation,"178, PLA Colony, Sector-15",Emancipation & Novitiation,women@rediffmail.com,NOT AVAILABLE,91-98962 32121,,Services to the humanity
Utthan Institute of Development & Studies,"106, Lal Dwara Colony",Yamuna Nagar,utthanynr@rediffmail.com,NOT AVAILABLE,,91-1732-23396,SOcial change & development
Work for Nation,"C 1663, Sushant Lok-1",Gurgaon,sidrules007@yahoo.com,NOT AVAILABLE,91-98111 14127,,To work for the nation in all aspects.
Young India Foundation,"37/6 Shastri Nagar, Ist Floor, Tohana",Fatehabad,youngindiafoundation@yahoo.com,NOT AVAILABLE,91-97290 90569,91-1692-230161,Aware to Indian people.
Thalassaemia Welfare Society,Gurgaon,Gurgaon,ngothalassaemia@gmail.com,NOT AVAILABLE,91-98992 87353,91-124-2331623,Help Thalassaemics & aware others to prevent it.
Vishavkarma Educational Society,"Gali 1, Tara Nagar, Near Anantpur Asharam",Sonipat,r.chander32@yahoo.co.in,NOT AVAILABLE,91-93156 91687,,
Yuva Sports Club,"V.P.O., Dhandlan",Jhajjar,ahlawat.nicks@gmail.com,NOT AVAILABLE,"91-98125 45309, 91-94160 86501, 91-98962 21336",,Play India
Voice of Voiceless Society,"B-1224, Green Fields Colony",Faridabad,singhajaydeep@gmail.com,NOT AVAILABLE,99712 81144,,"Animal Health, Animal Welfare."
Yuva Vahini,"Chhara, Jhajjar",Jhajjar,advmsdalal80@yahoo.in,NOT AVAILABLE,91-94675 12467,,Empowerment of rural youth.
Zila Yuva Vikas Sanshthan,"Office Kesri, Ambala",Ambala,zyvsanghthan@yahoo.com,NOT AVAILABLE,,91-171-2830999,Various field project.
Young Foundation,"1st Floor 37/6, Shastri Nagar",Tohana,"youngfoundation@yahoo.com, youngindiafoundation@yahoo.co.in",NOT AVAILABLE,91-97290 90569,91-1692-230161,"Awareness, Social service"
Young India Welfare Society,Sonipat,Sonipat,youngindiawelfaresociety@gmail.com,NOT AVAILABLE,91-99922 20622,,Welfare of India
YOH – Youth Organization of Haryana,"Kumbha, Hansi",Hisar,youthorghry@gmail.com,NOT AVAILABLE,91-98129 57100,91-1663-289539,"Education, sports, health, environment, women and child development, rural & urban development etc."
Zila Yuva Vikas Sanghthan,"Kesri, Ambala",Ambala,info@zyvs.org,NOT AVAILABLE,"99928 62888, 95412 01098",,"Child Labour, Child Rights, Child Welfare, Community Development, Disability, E-Learning, Education, Employment, Environment, General – Social Welfare, Livelihood, Old Aged Welfare, Physically Disabled, Rural Development, Social Awareness, Women Development/Welfare, Youth."
