Aadivasis Reformation and Welfare Society (Wars),"Railway Market, Gua",East Singhbhum,warsindia06@gmail.com,NOT AVAILABLE,94307 80682,,"Agriculture, Awareness Generation, Community Development, Development (General), Disability, Education, Employment, Environment."
AAWAZ,"Jamudag, Sonahatu",Ranchi,aawaz05@gmail.com,NOT AVAILABLE,"91-93341 81976, 91-92799 71715",91-651-2818530,"Health, education, employment and rural development."
Aao Hath Milaye,"Purani Ranchi, Near Alpha Gas Godown",Ranchi,aaohathmilaye@gmail.com,NOT AVAILABLE,"98351 97942, 92346 08531",,Social Work.
Acet Swaroger Sangh,"Jerath Compound, Main Road Hinoo",Ranchi,birendraacet@reddifmail,NOT AVAILABLE,,91-651-2506274,Social work
AAINA,"Godhar Basti, Station Road, Kusunda",Dhanbad,aaina.society@gmail.com,NOT AVAILABLE,91-93340 07285,,All social development issues.
Abhivyakti Foundation,"Himani Bhawan, B/s Barganda Sub Post Office, New Barganda",Giridih,avfoundation@gmail.com,NOT AVAILABLE,91-98013 31700,91-653-2227778,Youth engagement in social action.
Aadarsh Gramin Swarajya Sansthan,"Chainpur, Kashyap Muhlla, Near Raja Garh, Daltonganj",Daltonganj,ms.agss@rediffmail.com,NOT AVAILABLE,94307 78008,,Rural Development.
Abhiyaan,"First Floor, Laxmi Narayan Market, Nehru Road, Ramgarh",Ramgarh,meetabhiyaan@rediffmail.com,NOT AVAILABLE,"82522 22221, 94313 99718",06553-231266,Social Work.
Acumen Integrated Mission For Holistic Community Development,"3rd Floor Baban Complex, Korrha, Babu Gaon Chowk",Hazaribag,amit.proactive@gmail.com,NOT AVAILABLE,82923 78827,,"Agriculture, Education, Employment, General – Social Welfare, Human Development, Indigenous Knowledge, Industry, Irrigation, Minorities, Tribal Development, Tribal Issues, Women Development/Welfare, Youth."
Adibasi Welfare Society,"Main Road, Ghorabandha",Jamshedpur,adibasiwelfaresociety@gmail.com,NOT AVAILABLE,91-93344 62979,,Social welfare.
ADWAA – The Adiwasi & other Classes Development & Welfare Autonomus Association,"Shivpahar, Dumka",Dumka,adwaa_dmk@yahoo.co.in,NOT AVAILABLE,91-94311 30434,91-6434-230556,"Charitable purpose, non profit making."
Aditya Vkikas Samiti,"Lachragarh, Pandrutoli",Simdega,ngotrust786@yahoo.in,NOT AVAILABLE,95465 89086,,"Social Work All round empowerment, welfare & development."
Adivasi Mahila Vikash Samiti,East Singhbum,East Singhbum,mardilalit@yahoo.com,NOT AVAILABLE,91-95341 81697,,
Al Falh Minority Foundation,"Khariyodih, Ghoranjee, Deori",Giridih,pa9570202998@gmail.com,NOT AVAILABLE,98347 53342,,"Child Labour, Child Welfare, Women Development/Welfare Found A +2 College."
Akash Jyoti,"Shivpuri, Bilasi Town",Deoghar,Chandra7216@yahoo.co.in,NOT AVAILABLE,91-98352 43284,,
Akhil Bhartiya Sankalp Trust,"Jawahar Nagar, Mission Chowk",Godda,abstrust4u@gmail.com,NOT AVAILABLE,"94703 10900, 72504 40510",,Social Work.
Alhabib Society,"Sir Syed, English School Campus",Jamshedpur,alhabibsociety@gmail.com,NOT AVAILABLE,,91-657-2292240,Social work
Alhelal Educational And Welfare Society,"Jima Chowk, Chandu Kuru",Lohardaga,alhelalngo@gmail.com,NOT AVAILABLE,80026 85364,,Social Work.
Alternative for Human Environment Action Development Society,"C/o Suresh Bhandar, Old Argora Chowk Argora",Ranchi,rameshburman@yahoo.com,,91-92345 94432,NOT AVAILABLE,
All India Chamber of Consumers,"64/2/3, Road No.2, Bagbera Housing colony",Singhbhum,chamber_consumers@rediffmail.com,NOT AVAILABLE,91-94311 17425,,
Aman Samaj Kalyan Evem Arthik Vikash Sansthan,"Bye Pass Road, Harindanga Bazar",Pakur,toanshuman@hotmail.com,NOT AVAILABLE,"91-98355 98659, 91-94311 90218",,Children welfare
All-Barkaat Educational & Charitable Trust,"Murpa, Kuju, Ramgarh",Hazaribagh,barkaati2008@yahoo.com,NOT AVAILABLE,,91-6545-281111,Registration.
An Unit of Research,"Hurumgarha, Ramgarh",Ramgarh,aurngo@yahoo.com,NOT AVAILABLE,91-94713 03738,,Social service.
Anupama Sewashram,"Gutu Toli, Simliya Ratu",Ranchi,anupamasewashram@gmail.com,NOT AVAILABLE,82945 61285,0651-6520337,"Adolescent Girls Welfare, Advocacy On Social Issues, Child Rights, Child Welfare, Health, Herbal Medicine, Old Aged Welfare, Trafficking Of Women, Training, Women Development/Welfare, Women’S Issues."
Aplomb,"Abhilasha Bhawan, Marwari Muhalla, in Front of Girls High School",Chatra,kumarprasensinha@gmail.com,NOT AVAILABLE,"94705-17601, 89623613",,"Any Type Of Work Such As Education, Social Work, Trainings Etc."
Anant Vikas Srott,"Anant Training Park, Bashir Compound",Ranchi,anantvikas.srott@gmail.com,NOT AVAILABLE,,91-651-3202506,Capacity building of the weaker segment.
Arogya Educational & Health Foundation,"Shivani Sadan, Rampujan Nagar, Katrasbazar",Dhanbad,arogya.pandey@gmail.com,NOT AVAILABLE,91-94313 20547,91-326-2372175,
Asha Kiran,"Boro More, Pachamba",Giridih,t2dofor@gmail.com,NOT AVAILABLE,91-94313 37309,91-6532-252602,Health care
ASHA – Assistance for Human Advancement,"Prasidh – Ashiyana, Diwakar Nagar, Firing Range, Bariatu",Ranchi,rajamitjolly@gmail.com,NOT AVAILABLE,91-93048 14845,91-651-2540873,Rural & urban development.
ASHADEEP,"Morya Colony, Lane No.1",Hazaribagh,ashadeep@rediffmail.com,NOT AVAILABLE,91-94311 55410,,"Agriculture, health, environment, education."
Ashirbad The World Welfare Social Society,Nehru Road,Ramgarh,ashirbadsociety@gmail.com,NOT AVAILABLE,80028 79988,06553-230238,"Disability for help of poor person, child labour & disable person, womens education."
Aryabhatt Educational and Health Trust,"Mehta Complex, Opp Laxmi Petrol Pump, Nawabganj",Hazaribagh,aitgroup.edu@gmail.com,NOT AVAILABLE,91999 45999,,"Education, Herbal Medicine, Human Development, Infrastructure, Training, Tribal Development Skiil Development."
ASIN – Awarness for Socail & Integrated Nature,"Williams Town B, Deoghar",Deoghar,asin.deoghar@gmail.com,NOT AVAILABLE,91-99053 29303,91-6432-237638,"Health, agriculture, environment, livelihood and its awareness."
Association for Women and Rural Entrepreneurship Development (AWARE),"Shanti Sadan, Amardham Lane",Deoghar,ramesh9304059665@gmail.com,NOT AVAILABLE,93040 59665,,"Agriculture, Art And Culture, Awareness Generation, Community Development, Cultural Issues, Development (General), Employment, Energy, Environment, Forest Management, Forestry, General – Social Welfare, Group Promotion, Health, Human Development."
Association for Human,"Ahead, Palkot",Ecological & Agricultural Development,ahead_palkot@yahoo.co.in,NOT AVAILABLE,91-99553 56566,,Rural development.
Awareness & Welfare Action for Rural Development,"Kanimohuli, Bend, Chakulia, East Singhbhum",Jamshedpur,smile.hansda@rediffmail.com,NOT AVAILABLE,91-99345 74924,,
Asra Evam Vikas Seva Sanstha,"Indian Public School, Opp. CRO Flat, Digwadi 10, Jealgora",Dhanbad,juned.alam@hotmail.com,NOT AVAILABLE,91-98351 16275,91-326-2303653,
AWAKE,Jamshedpur,Jamshedpur,awakejsr@yahoo.com,NOT AVAILABLE,,91-657-2442292,Human resource development
Asmat – The Human Development & Research Organization,"Gulmohar, Jamia Nagar, Kadru",Ranchi,asmat_india@hotmail.com,NOT AVAILABLE,91-94311 05985,,
Berojgar Kalyan Sangh,"201, Bimal Enclave, Karamtoli Chowk, Bariatu Road",Ranchi,berojgarkalyansangh@gmail.com,NOT AVAILABLE,94303 77978,,"Adolescent Girls Welfare, Agriculture, Art and Craft, Art and Culture, Awareness Generation, Development (General), Education, General – Social Welfare, Group Promotion, Health, Hiv/Aids, Human Development, Livelihood, Local Self Governance (Panchayati Raj)."
Ayod Vikas Society,Ranishwar,Dumka,avsorg2006@gmail.com,NOT AVAILABLE,"82923 01434, 81165 06531",,"Social, Economic, Physical, Educational, Environmental, Sanitation, Structural Development Of Society Of Dumka District Of Jharkhand."
Bhagwati Development Samiti,"Bhagwati Niwas, Deoghar",Deoghar,bhagwatidevelopment@gmail.com,NOT AVAILABLE,91-94307 49961,,
Azad Children Development Society,"Shreekund, Kotalpokhar",Sahibganj,wakhtar50@gmail.com,NOT AVAILABLE,99558 59821,,"Child Welfare, Education"
Beleif In Rural Development,"Pinjra Pole, Gaushala Harmu Road",Ranchi,bird.ranchi@gmail.com,NOT AVAILABLE,82352 38772,,Social Work.
Bhartiya Ekta Committee,"Karbala Tank Road, Near Mission Ground",Ranchi,,NOT AVAILABLE,91-93041 65824,,
Braj Seva Samiti,"Sainikcolony, Dumardugga, Booty",Ranchi,helpmybraj@gmail.com,NOT AVAILABLE,9470187151,,Social Work.
Bhartiya Vikas Shanti Kendra,"Jageshwar (Gomia), Tilra, Steel City",Bokaro,bvsk_col@rediffmail.com,NOT AVAILABLE,,91-6546-248956,For looking funding to my organisation.
Centre For Action And Rural Development-Card,"A H Complex, Opp. Sfc Godown, Kadru",Ranchi,card_org2000@yahoo.co.in,NOT AVAILABLE,92346 75030,,"Advocacy On Social Issues, Agriculture, Awareness Generation, Child Welfare, Community Development, Development (General), Education, Environment, Hiv/Aids, Legal Awareness, Livelihood, Local Self Governance (Panchayati Raj), Poverty, Rural Development, Self Help Groups, Social Awareness, Sustainable Development, Training, Tribal Development, Waste Management, Women Development/Welfare, Youth."
Chaitanya Jharkhand,"Shastri Nagar, Banderjori",Dumka,chaitanya.Jharkhand@gmail.com,NOT AVAILABLE,99345 18372,,Social Work.
Atulya Vikash,"Bhikhana, Sun Rises School, Kunda",Deoghar,atulyavikash@gmail.com,NOT AVAILABLE,"98356 92926, 81028 43436",,"Agriculture, Art And Culture, Child Rights, Child Welfare, Disability, Disaster Management, E-Learning, Education, Employment, Environment, Health, Irrigation, Library, Livelihood, Local Self Governance (Panchayati Raj), Old Aged Welfare, Pollution, Self Help Groups."
Buddha Information Technology Society,"C/o Bit Computer Education, Tealidih Road, Chas, Narayanpur",Bokaro,bitbokaro@gmail.com,NOT AVAILABLE,"91-92343 40114, 91-93342 40114",,
CEAD – Centre for Education & Agriculture Development,"Kusum Vihar, Road No.1, Morabadi",Ranchi,brajendrakmr@yahoo.com,NOT AVAILABLE,91-93347 33233,,Research and development
Chota Nagpur Vikas Kendra,"Ram Nagar, Kadma Road",Hazaribag,cvk_digambar@rediffmail.com,NOT AVAILABLE,91-94311 92894,91-6546-253231,"Education, health, nrm, water, women empowerment, child development, rural development, disability."
Chotanagpur Craft Development Society,"Road No. 3, Ranchi",Ranchi,ccds.ranchi@rediffmail.com,NOT AVAILABLE,,91-651-2501561,
Bhartiya Vikas Evam Paryogatmak Dristikon,"Saket Nagar, Doranda",Ranchi,dharminvestment@rediffmail.com,NOT AVAILABLE,91-99341 17647,,Rural development.
Chotanagpur Sanskritik Sangh,"B/205/Sector 1, Dhurwa",Ranchi,cssrnchjh@gmail.com,NOT AVAILABLE,91-92347 13692,91-651-2442570,Helping people to help themselves
Christion Council for Rural Development & Research,Singhbhum,Singhbhum,pkpati2408@yahoo.co.in,NOT AVAILABLE,91-93340 75951,,Regarding health sector.
CMPR – Centre for Manpower Research,"Bokaro Steel City, Bokaro",Bokaro,jha_brajendra@hotmail.com,NOT AVAILABLE,91-98681 72964,,"To study manpower issues in workers, self employed both men and women."
Chotanagpur Gram Vikas Sansthan,"Resaldar Nagar, Doranda",Ranchi,cgv_sansthan@yahoo.com,NOT AVAILABLE,91-93047 47225,,Grant
CHETNA – Centre for Human Ethics & Thoughts in Natural Affairs,"Baliapur, Dhanbad",Dhanbad,,NOT AVAILABLE,91-94311 24670,,
Darpan Seva Sanstha,"Bundu, Nh-33, Near I/B,",Ranchi,darpansevasanstha688@gmail.com,NOT AVAILABLE,94313 60098,,"Agriculture, Art and Craft, E-Governance, Education, Environment, Food and Nutrition, Human Development, Information and Communications Technology, Science and Technology, Social Awareness, Women Development/Welfare Health, Education."
Cyber Peace Foundation,"39, Birsa Munda Rajpath, Harmu Housing Colony, Ranchi",Ranchi,info@cyberpeacefoundation.org,NOT AVAILABLE,95700 00265,0651-6458865,"Peace, Research, Science And Technology, Social Awareness, Training Cyber Security, Skill Development And To Provide Help And Support To Victims Of Cyber Crime."
DD TV Video Training Centre,Hazaribagh,Hazaribagh,Ddtecheduction@yahoo.in,NOT AVAILABLE,91-99343 85220,,Education & development.
Centre for Development,"Gayatri Sadan, Tupudana, Hatia Ranchi",Ranchi,centrefordev@rediffmail.com,NOT AVAILABLE,,91-651-2290023,"Agriculture, Disadvantaged communities, Education, Environment, Forestry, Health, Livelihood, Micro-enterprises, Poverty, Rural Development, Sanitation, Sustainable Development, Training, Women’s issues"
Deep Jyoti Society,"High School, Lesliganj",Palamu,deepjyotisociety2010@gmail.com,NOT AVAILABLE,85214 56603,,"Adolescent Girls Welfare, Advocacy On Social Issues, Agriculture, Animal Welfare, Anti Drug Campaign, Art And Craft, Child Rights, Child Welfare, Community Development, Consumer Issues, Corporate Social Responsibility, Cultural Heritage."
Deepshikha Institute for Child Development & Mental Health,"Swami Shradhanand Road, Ranchi",Ranchi,deepshikha@inranchi.com,NOT AVAILABLE,,91-651-2306203,Training of the mentally challenged
DATA – Development for Agriculture & Tribal Action,Ranchi,Ranchi,sachinsp_kumar@yahoo.co.in,NOT AVAILABLE,91-98353 73662,,To Educate the poor and free health treatment for the poor.
Deepika Art Trust,"Mango, Jamshedpur",Jamshedpur,dat_india@in.com,NOT AVAILABLE,91-95075 08945,91-657-2360629,Education
COSMOS,"Dibha, Chatra",Chatra,cosmosngo@gmail.com,NOT AVAILABLE,91-94301 94601,,"Education, health, agriculture, child development, old age care, micro finance, women empowerment."
Dharti Aaba Voluntary Educational & Welfare Society,"Naya Tola, Samlong, Namkum",Ranchi,dhartiaaba@rediffmail.com,NOT AVAILABLE,91-92341 11276,,"Micro finance, SHG, health and family welfare, rural development, tribal affairs, vocational training."
Desh Sewi Sansthan,"Pipartoli, Argoda, New Ashok Nagar",Ranchi,dssJharkhand@gmail.com,NOT AVAILABLE,91995 04238,0651-6999903,"Adolescent Girls Welfare, Advocacy On Social Issues, Agriculture, Community Development, Human Rights, Rehabilitation, Tribal Development, Tribal Issues, Women Development/Welfare, Women’S Issues."
Devnet – development Network,"101, Krishna Kunj, St. Peter Road, Birsa Chawk",Ranchi,dev_netranchi@hotmail.com,NOT AVAILABLE,91-94314 91379,91-651-2252235,Social development.
DHAROHAR,"Nr. Imam Bara, Femina Road, Chishti Nagar",Hazaribagh,mydharohar@rediffmail.com,NOT AVAILABLE,91-98357 60006,91-6546-227408,Social welfare.
Darul Uloom Educational Society,"Jari, Banapiri, Ratu",Ranchi,darululoom1960@yahoo.com,NOT AVAILABLE,91-94319 29301,,
Daksh Development Society,"514, 5th Floor, Hari Om Tower",Ranchi,maildds@rediffmail.com,NOT AVAILABLE,,91-651-3299211,"Education, self employment and rural upliftment."
Dr. S.P. Foundation,"United Homeo Hall, 5 Patel Building, Main Road, Bistupur",Jamshedpur,drtapan@rediffmail.com,NOT AVAILABLE,91-93089 03848,91-657-2425357,
Do Kadam,"Khelgaon, Hotwar",Ranchi,rajeshkumar.ibmr@gmail.com,NOT AVAILABLE,97988 88609,,"Agriculture, Art And Culture, Awareness Generation, Child Labour, Distance Learning, E-Governance, Employment, Fair Trade, Governance, Human Development, Human Rights, Information And Communications Technology, Installation Of Borewells, Labour, Livelihood, Old Aged Welfare, Rehabilitation, Rural Development, Sanitation, Self Help Groups, Tribal Development, Waste Management, Water, Women Development Welfare, Women’S Issues, Youth."
DISHAYEN,Jamshedpur,Jamshedpur,meenakshi1616@gmail.com,NOT AVAILABLE,,,To make each and every child avail facilities of education.
Drishana,Jawahar Nagar,Gumla,drishanango@gmail.com,NOT AVAILABLE,72095 72715,,"Advocacy On Social Issues, Art and Craft, Blindness, Child Labour, Child Rights, Child Welfare, E-Governance, Education, Livelihood, Local Self Governance (Panchayati Raj), Sanitation."
DRUM,"Baroda Ghat, Bagbera",Jamshedpur,drum.india@rediff.com,NOT AVAILABLE,91-99343 15035,,Development of rural & urban society.
DISHA,"New Colony Tungri, Chaibasa",West Singhbhum,disharahul2001@rediffmail.com,NOT AVAILABLE,,,"Information, network with others ngos."
Faith In India,"5-Ab, Prerna Sarala App., Holding No. 108, New Baradwari, Sakchi",East Singhbhum,anamika3013@yahoo.co.in,NOT AVAILABLE,"92793 29932, 94303 27816, 88735 99438, 75649 00888, 94301 61634",,"Adolescent Girls Welfare, Advocacy On Social Issues, Art And Craft, Art And Culture, Awareness Generation, Child Rights, Child Welfare, Community Development, Cultural Heritage., Cultural Issues, Development (General), Education, Health, Human Development, Human Rights, Rural Development, Self Help Groups, Social Awareness, Society And Economy, Training, Urban Development, Women Development/Welfare, Youth All Round Development."
FARZ,"Manitola, Doranda",Ranchi,farzindia@gmail.com,NOT AVAILABLE,"91-93347 42440, 91-94319 72633",,"Education, Health, NRM, Water, Women Empowerment, Child Development, Rural Development, Disability."
Diya Seva Sansthan,"A-26, New Police Line, Kanke Road",Ranchi,diyasevasansthan@redifmail.com,NOT AVAILABLE,"91-94301 46321, 91-98353 39455",91-651-2282529,"Our NGO is warking ingrassrut areahi iswar king women environment shg information traningfood prosesing child right, labour rights, education, health, agriculture tsc and rural development."
Fast Forward India,"Fast Forward for Changing Lives, Dhanbad",Dhanbad,fastforwardindia@gmail.com,NOT AVAILABLE,91-94703 83814,,Education & health.
EKANTIKA,"Shanti Bhawan, Rani Bagan, Bariatu Housing Colony",Ranchi,ekantika.jharkhand@gmail.com,NOT AVAILABLE,91-98355 44584,91-651-2547071,"Education, health, NRM, water, women empowerment, old age care."
ENVIROPLAN,"Gorai Complex, 2nd Floor",Ranchi,jansarokar@yahoo.com,NOT AVAILABLE,91-94311 00876,,"Grants, capacity building, training."
Foundation for Awareness,Rajapara,Counseling and Education-Face,face197@rediffmail.com,NOT AVAILABLE,94311 65148,06435-222249,"Ayurveda, Employment, Natural Resource Management To Provide Integrated Model Of Education For Children And Women."
GARV Foundation (Group Assessment Rural Vision Foundation),"Shahargram, Shahargram, Maheshpur",Pakur,garvfoundation2016@gmail.com,NOT AVAILABLE,88735 66588,,Social Work
Friends of People,"52, Bigha Road, Madhupur",Deoghar,rajeshngo@yahoo.co.in,NOT AVAILABLE,91-94314 71855,,Grant generation.
GRAMIKA India,"Behind Carmel School, Krishna Nagar",Giridih,gramika.india@gmail.com,NOT AVAILABLE,"91-94319 74092, 91-94319 78933",91-6554-230513,"Education, health, NRM, water, women empowerment, rural development, microfinance, child developemnt."
Diya Seva Sanstha,"Budh Vihar, Bariatu",Ranchi,diyasevasansthan@redifmail.com,NOT AVAILABLE,"94301 46321, 94713 00008",,Women’S Issues Bonded Labour Child Tariffcking Child Right Issues Rehabiletion. Gender Equalty.
Gramin Rozgar Samiti,"Chiridiri, Kanhachatti, Rajpur",Chatra,santoshsuman8@gmail.com,NOT AVAILABLE,"77640 31625, 80020 23705",,Social Work
Gramin Mahila Vikas Kendra,"Santhalia Lodge, Karnibad, Ashram",Deoghar,gmvk_deoghar@rediffmail.com,NOT AVAILABLE,91-94317 81648,,"Health, livelihood."
Gramin Samaj Kalyan Vikas Manch,"Shahmohalla, Ward 8",Daltonganj,gskvm@yahoo.com,NOT AVAILABLE,,91-6562-222867,
Gunj Kala Kendra,"Hirapur, Durga Mandir",Dhanbad,anirudhasingh@sipy.com,NOT AVAILABLE,91-98357 04249,,"Education, agriculture, environment."
Gram Samachar,"Balia, Marpa",Godda,gramsamachar@gmail.com,NOT AVAILABLE,99345 17907,,Media.
Grace India,"Pump House Area, Sundernagar, Jamshedpur",Singhbhum,"graace_india@yahoo.com, jaya_moitra@rediffmail.com",NOT AVAILABLE,"91-98353 42894, 91-98353 41916",91-657-2907685,To get funds from govt. or any mother NGO.
Health Education Agriculture & Livelihood Promotion Foundation(Healp Foundation),"Sirsiya, Giridih",Giridih,healpfoundation@gmail.com,NOT AVAILABLE,"80925 14353, 97085 06856",0,"Advocacy On Social Issues, Awareness Generation, Community Development, Livelihood, Natural Resource Management, Self Help Groups, Social Awareness, Sustainable Development, Right To Information."
Gandhi Golden Trust,"Gidha Pather, Deopur",Deoghar,gandhigoldentrustdeoghar@rediffmail.com,NOT AVAILABLE,91-99738 50983,,For networking and programme implemantation.
Hemu Foundation,"Satyari Toli, Road No.1, Solanki",Ranchi,shyamalherenz@gmail.com,NOT AVAILABLE,80511 19970,,"Advocacy On Social Issues, Agriculture, Art And Culture, Awareness Generation, Climate Change, Community Development, Employment, Forest Management, Governance, Human Rights, Library, Livelihood, Old Aged Welfare, Tribal Development, Tribal Issues, Water, Women’S Issues."
Green Point Welfare Society,"Jarhiya, Kewal, Barhi",Hazaribagh,greenpointwelfaresociety@gmail.com,NOT AVAILABLE,"94311 17045, 96932 48976",,"Agriculture, Art and Culture, Awareness Generation, Child Labour, Climate Change, Corporate Social Responsibility, Cow Protection Centre (Goushala), Education, Employment, Energy, Environment, Forestry, Health, Livelihood, Micro-Enterprises."
Gurusharan Education Trust,"102-A, Ganpati Apartment, Dumardaga, Dipatoli",Ranchi,mitesh@gurusharaneducation.org,NOT AVAILABLE,,91-651-2273399,education
Holding Hand Organisation,"11, Churi Tola Kanke",Ranchi,holdinghands13@gmail.com,NOT AVAILABLE,88828 56902,,"Community Development, Corporate Social Responsibility, Development (General), E-Governance, E-Learning, Education, Fair Trade, Human Development, Information And Communications Technology, Infrastructure, Installation Of Borewells, Poverty, Rural Development, Science And Technology, Training, Urban Development, Youth Development Of Employment Resources For Literate Persons."
Hitaishi,"Ayodhaya Puri, Kokar Chowk, Hazaribagh Road",Ranchi,ngohiteshi@gmail.com,NOT AVAILABLE,93865 05890,,Social Work.
Hiral Independent Foundation of India (HIFI),"Gopindu Bhawan, Shree Krishnapuri, Chas",Bokaro,hifingo@hmail.com,NOT AVAILABLE,89868 43236,06542-265562,"Art And Craft, Art And Culture, Child Rights, Child Welfare, Cultural Heritage. Cultural Issues, E-Learning, Education, Employment, Environment, General – Social Welfare, Information And Communications Technology, Media, Medical Relief."
Global Village Reformmer Society,"Ram Nagar, Jogiyahi",Daltoganj,deepak231076@rediffmail.com,NOT AVAILABLE,91-94301 31403,91-6562-240647,"Education child & rural devolopment, other."
Hope India,"Above Nightiangale School, Third Floor, Birsa Chowk",Ranchi,arun0869@gmail.com,NOT AVAILABLE,88090 04484,,"Child Labour, Child Rights, Child Welfare, Community Development, Development (General), Distance Learning, E-Governance, Employment, Governance, Grants/Aids, Ngo Management, Old Aged Welfare, Orphanage, Poverty, Social Awareness, Society And Economy, Right To Information, Training."
Help Foundation,"Near Bns Dav, Sirsiya",Giridih,healpfoundation@gmail.com,NOT AVAILABLE,"80925 14353, 97085 06856",,"Agriculture, Community Development, Disaster Management, Distance Learning, Education, Employment, Environment, Fair Trade, Food And Nutrition, General – Social Welfare, Health, Livelihood."
Hazrat Munam Pak Talimee Mission,"Maharajgunj, Dadpur",Hazaribagh,munam_school2000edu@yahoo.co.in,NOT AVAILABLE,,91-6546-260486,To serve the education to poor people and imparting education and health.
Ideal & Natural Disciplinary Organization (INDO),"Chandani Chowk Hatia, Near Shahadat Smarak Stambh, Hatia, Jagannathpur",Ranchi,indoranchi@gmail.com,NOT AVAILABLE,"93084 04006, 74885 83981",0651-2290154,Social Work
INCREAMENT,"Kabirdih, Brhamandiha",Dhanbad,wahab.43@hotmail.com,NOT AVAILABLE,91-99391 30816,,Improve education.
Human Resourses & Environment Development Society,"Kalyani, Meena Bazar, Maharajpur",Sahibganj,hredss@gmail.com,NOT AVAILABLE,91-94311 63962,91-6436-224780,Help to needy.
India Health Development Mission,"IHDM Centre, Navjivan Hospital & Research Centre, Srikant Road, Belabagan",Deoghar,chairmanihdm@yahoo.com,NOT AVAILABLE,,91-643-2292922,"Community health development, population stab, health resource develop, disability, rehabilitaion, hiv/aids."
Jagrit Jharkhand,"99, Zone 5, Birsanagar, Telco",Jamshedpur,jagritjharkhand@yahoo.com,NOT AVAILABLE,91-94311 83547,"99, Zone 5, Birsanagar, Telco",Development work.
Heritage Bharatdeep Foundation,"B/2, Basukinath Bhawan, Dr. Mukti Sharan Lane Lalpur",Ranchi,hbf@indiatimes.com,NOT AVAILABLE,91-99349 10462,,"To enhance management level of lifestyle, economy, social fabric, national development."
Jai Shree Crusaids,"4th Street, Okni Talab Road",Hazaribagh,sankalp.satyam@gmail.com,NOT AVAILABLE,91-94316 68481,91-6546-253186,
Humen Health Foundation,"Lodhma, Karra, Khunti",Ranchi,hhfoundationranchi@gmail.com,NOT AVAILABLE,98354 14862,,Our Intervention
Integrated Development Education & Agriculture Society,"Bal Bharti Public School, Daltonganj",Daltonganj,rajeshbiharigoel@yahoo.co.in,NOT AVAILABLE,,91-6562-235037,Social work & education.
Humanity An Organization For Human Development,"H-88, Argora Housing Colony",Ranchi,humanity_88@rediffmail.com,NOT AVAILABLE,94311 93199,,"Advocacy On Social Issues, Agriculture, Awareness Generation, Child Welfare, Climate Change, Community Development, Development (General), Disaster Management, Grants Aids, Human Development, Human Rights, Legal Awareness, Livelihood, Natural Resource Management, Peace, Pollution, Poverty, Rehabilitation, Rural Development, Self Help Groups, Shelter Home, Social Awareness, Sustainable Development, Training, Tribal Development."
Jan Chetna Manch,"Chamrabad, Chandra",Bokaro,janchetnamanch@rediffmail.com,NOT AVAILABLE,91-94311 28221,,Women development
Jan Jagran Kendra,"Nr. PTC Chowk, Matwari",Hazaribagh,jjk07@yahoo.co.uk,NOT AVAILABLE,,91-6546-263308,"To establish an egalitarian, non-exploitative social order with justice and economic self-reliance"
Jan Sarokar,"Meera Deep Sikha, North Office Para, Doranda",Ranchi,jansarokar.india@gmail.com,NOT AVAILABLE,91-94713 13371,91-651-2411517,"Education, health, NRM, water, women empowerment, child development, rural development, agriculture."
JAGRITI,Jamshedpur,Jamshedpur,singh.ratneshjsr.ratnesh@gmail.com,NOT AVAILABLE,91-94319 19827,,Society awareness.
Jan Astha,"Gayatri Nagar, Sudna, Daltonganj",Palamu,janastha.ngo@gmail.com,NOT AVAILABLE,85400 41111,06562-240090,"Agriculture, Child Labour, Child Rights, Health, Tribal Development, Tribal Issues, Water."
Jan Jagrity Sansthan,"Hanuman Mandir Road, Jharudih, Bekar Bandh",Dhanbad,jan_jagrity2006@yahoo.com,NOT AVAILABLE,91-96934 90836,91-326-2211684,
Janopkar & Vikas Samiti,"Yashwant Nagar, Near-Markham College",Hazaribag,janopkar@gmail.com,NOT AVAILABLE,99310 10621,,"Agriculture, Awareness Generation, Development (General), E-Governance, E-Learning, Education, Employment, Grants/Aids, Human Development, Labour, Plantation, Rural Development, Sanitation, Shelter Home, Social Awareness, Urban Development, Waste Management."
Holy Faith Helping Society,"Kurum Pahari, Gujisimal",Dumka,alfredchesney@hfhsociety.org,NOT AVAILABLE,80024 80043,06434-236043,"Art And Culture, Awareness Generation, Community Development, Education, Employment, Infrastructure, Law, Legal Awareness, Livelihood, Micro-Enterprises, Minorities, Old Aged Welfare, Poverty, Social Awareness, Tribal Development, Tribal Issues, Volunteers, Women’S Issues, Youth Uniting Rural IndiaTowards An Urban India."
Janyoday Vikash Parishad,"Anuj-08, Gautam Green City, Getlatu",Ranchi,janyoday@janyodayvikasparishad.org,NOT AVAILABLE,70700 93334,0651-2273071,"Agriculture, Art And Craft, Awareness Generation, Energy, Environment, Health, Legal Awareness, Rural Development, Sanitation, Water, Women’S Issues, Youth Community Radio Station At Ranchi."
Jeevan Jyoti Jan Kalyan Kendra,"Saram, Nainatand, 3, Gomia",Gomia,jeevansuraj.2011@gmail.com,NOT AVAILABLE,77650 83291,06549 -230418,"Advocacy On Social Issues, Agriculture, Awareness Generation, Child Labour, Child Rights, Child Welfare, Climate Change, Grants/Aids, Health, Hiv/Aids, Livelihood."
Jan Sewa Parishad,"Head Post Office Road, Hazaribag",Hazaribag,jsp_india@yahoo.com,NOT AVAILABLE,,91-6546-227246,Child development
Jeevan Jyoti Sansthan,Bekarbandh,Dhanbad,jeevanjyotidhn@gmail.com,NOT AVAILABLE,98351 42221,03262-313142,"Blindness, disability, education, mentally handicapped persons."
JEEVAN,"Bastacolla, Dhansar",Dhanbad,jeevan_ak@yahoo.co.in,NOT AVAILABLE,,91-326-2291537,
Jharkhand Stepup Trust,"Baraamda, West Singhbhum",West Singhbhum,,NOT AVAILABLE,91-94303 71210,,To serve the state.
Jharkhand Janades Society,"Koshunpur, Patan, Daltonganj",Palamu,shubhamkranti196@gmail.com,NOT AVAILABLE,88774 38281,,"Child Labour, Forest Management, Self Help Groups, Social Awareness, Women Development/Welfare, Women’S Issues."
Jan Shabhagi Kendra,"Vijay Bharti Nagar, Dipwan",Garhwa,jskgarhwa34@gmail.com,NOT AVAILABLE,88770 02945,,"Agriculture, Child Labour, Child Rights, Child Welfare, Climate Change, Community Development, Human Rights, Urban Development, Women Development/Welfare."
Jharkhand Hill Resource Development Society,"Kanankunj, Durga Mandir Lane, Chunna Bhatta, Kokar",Ranchi,jhards_107@rediffmail.com,NOT AVAILABLE,"91-93861 12343, 91-93347 68601",91-651-2544980,"Rural development, environmental conservation, health, drinking water sanitation, agro, education."
Jan Shikshan Sansthan,"296, Cooperative Colony, BS City",Bokaro,ekknet@yahoo.com,NOT AVAILABLE,,91-6542-255133,Jan Shikshan Sansthan (JSS) is conceived as an institute for conducting skill upgradation in the area.
Janpriya Society for Care,"B 1832/2, Sector 2, Dhurwa",Ranchi,pankajkumar2577@rediffmail.com,NOT AVAILABLE,91-99343 09495,91-651-2405301,"Education, health, NRM, water, women empowerment, child development, rural development, disability."
Job Network,"400, City Centre, 2nd Floor, L.C Road",Dhanbad,jobnetwork400@gmail.com,NOT AVAILABLE,91-93297 73988,91-3263 241934,
Jn Comptech Solution,Gandhi Nagar,Godda,jncomptechgodda@gmail.com,NOT AVAILABLE,77650 45646,,"E-Learning, Education, Employment, Environment, Human Development, Human Rights, Information And Communications Technology, Local Administration, Local Self Governance (Panchayati Raj), Media, Plantation, Pollution, Population, Poverty, Public Administration, Rehabilitation, Research, Rural Development, Sanitation, Science And Technology, Self Help Groups, Sericulture, Shelter Home, Social Awareness, Society And Economy, Training, Tribal Development, Tribal Issues, Women Development/Welfare, Women’S Issues, Yoga, Youth."
Jigyasa Science Society,"Makhdumpur, B.S.",Bokaro,shahid.nasa@gmail.com,NOT AVAILABLE,91-98357 97708,,
Kadam (Pathari Kshetra) Vikas Sansthan,"Yadav Bhavan, Bajar Tand, Kuru",Lohardaga,anandkishorindwar@gmail.com,NOT AVAILABLE,82922 46513,0652-7275649,"Adolescent Girls Welfare, Advocacy On Social Issues, Agriculture, Animal Health, Animal Welfare, Anti Drug Campaign, Art And Craft, Art And Culture, Awareness Generation, Ayurveda, Cancer Patients Help, Child Labour, Child Rights, Child Welfare, Climate Change, Community Development, Consumer Issues, Corporate Social Responsibility, Cow Protection Centre (Goushala), Cultural Issues, Development (General), Disability, Disadvantaged Communities, Disaster Management, Distance Learning, Employment, Energy, Environment, Food And Nutrition, Forest Management, Forestry, General – Social Welfare, Governance, Grants/Aids, Group Promotion, Health, Herbal Medicine, Hiv/Aids, Human Development, Human Rights, Information And Communications Technology, Infrastructure, Installation Of Borewells, Irrigation, Labour, Legal Awareness, Livelihood, Local Administration, Local Self Governance (Panchayati Raj), Medical Relief, Minorities, Natural Resource Management, Ngo Management, Old Aged Welfare, Orphanage."
Jharkhand Swabhiman,"B-34, Baldeo Sahay Lane",Ranchi,jharkhand.swabhiman@yahoo.com,NOT AVAILABLE,91-94313 54299,,Work for the deprived and backward society.
Kalakriti Art Foundation,"Doranda, Kali Mandir Road",Ranchi,kalakritisoa@gmail.com,NOT AVAILABLE,70910 91066,0651-2480565,"Art and Craft, Art and Culture, Awareness Generation, Community Development, Corporate Social Responsibility, Cultural Heritage. , Cultural Issues, Development (General), Education, General – Social Welfare, Information and Communications Technology, Rural Development, Self Help Groups, Tribal Development, Tribal Issues, Urban Development, Youth."
Kalanga Bazar Educational Trust,"Madina Manzil, 7/2 Resaldar Nagar, Doranda",Ranchi,kbet.ranchi@gmail.com,NOT AVAILABLE,91-93342 40435,91-651-2491985,"Education, vocational training, women empowerment through self help groups, micro lending, health."
Kanya Vivah Avam Kalyan Samiti,"Sai Steel Furniture, Main Road, Bishrampur, Daltonganj",Palamu,kanyavivahavamkalyansamiti@rediffmail.com,NOT AVAILABLE,96088 75146,,"Disability, Health, Human Development, Information And Communications Technology, Physically Disabled, Rural Development, Social Awareness, Right To Information, Trade And Industry Welfare, Tribal Development, Women Development Welfare, Women’S Issues."
Jorapokhar Pacs Ltd,"4, Taxi Stand Main Road, Dhanbad",Dhanbad,j.pacsltd@gmail.com,NOT AVAILABLE,91-94311 25043,,"Micro finance, agriculture, environment."
Jharkhand.org.in,"Kanke Road, Ranchi",Ranchi,info@jharkhand.org.in,NOT AVAILABLE,,,"Cultural promotion, media and advocacy."
Karra Society for Rural Acion,"1st Floor, Ahmad Complex, Dr. Fatehullaha Road",Ranchi,mail2ksra@gmail.com,NOT AVAILABLE,91-93347 03371,"91-651-2351519, 91-651-2351520","Agriculture, old age care, nrm, health, women empowerment, rural development, education."
KARTAVAYA,"C 160, Sapphire Hostel, ISM University",Dhanbad,info@kartavya.org,NOT AVAILABLE,91-99391 67396,,"Education, health, women empowerment, child development."
Kartavya,"Lahabani, Dhaiya, Ism",Dhanbad,sponsor.kartavya@gmail.com,NOT AVAILABLE,88770 65203,,"Child Welfare, Rural Development, Social Awareness."
Karnpura Gramin Vikas Kendra,NOT AVAILABLE,Hazaribagh,NOT AVAILABLE,NOT AVAILABLE,NOT AVAILABLE,NOT AVAILABLE,NOT AVAILABLE
Kamla Nehru Vidya Mandir,"Cambridge, Ranchi",Ranchi,cit_2001@rediffmail.com,NOT AVAILABLE,,,Development & grants.
Kasturba Jan Jagran Samiti,"Singhpur, Dadpur, Chouparan",Hazaribagh,chandankumar2111984@gmail.com,NOT AVAILABLE,96088 73623,,"Adolescent Girls Welfare, Advocacy On Social Issues, Animal Welfare, Art And Craft, Cancer Patients Help, Child Labour, Child Welfare, Community Development, Education, Employment, Energy, Environment, Food And Nutrition, Forest Management, Forestry, Grants/Aids, Health, Hiv/Aids, Human Development, Human Rights, Legal Awareness, Livelihood, Ngo Management, Orphanage, Pollution, Population, Public Administration, Rehabilitation, Rural Development, Sanitation, Science And Technology, Self Help Groups, Training, Urban Development, Water, Women Development/Welfare, Women’S Issues, Yoga, Youth."
Krishi Gram Vikas Kendra,"Neori Vikas, Ormanjhi",Ranchi,healthcare@ushamartin.co.in,NOT AVAILABLE,,91-651-2276142,Social development
Kala Aangan,"Soliya, Palani Ptps",Patratu,kalaaangan969@gmail.com,NOT AVAILABLE,99397 45538,,"Agriculture, Art And Craft, Art And Culture, Child Rights, Community Development, Education, Health, Hiv/Aids, Human Development, Information And Communications Technology, Media, Rural Development, Training, Tribal Development, Women Development/Welfare, Yoga"
Laser Legal Association for Social & Economic Reforms,"2-B, Hera Apartment, Main Road",Ranchi,laser_ngo_ranchi@yahoo.com,NOT AVAILABLE,91-99972 52076,,
KAYAKALP,"363, Choudhary Bhawan, Dimna Road Mango",Jamshedpur,kayakalpjsr@gmail.com,NOT AVAILABLE,91-93248 44959,91-657-2650423,"Mediculture, education @ health care"
LEADS- Life Education & Development Support,"Behind Old Sadar Thana, Tiril Road",Ranchi,leadsjh@gmail.com,NOT AVAILABLE,91-94313 56092,,Getting support for poor children in Jharkhand.
LIFE – Raktdan Avam Samaj Kalyan Ki Sanstha,"Taxi Stand Jhari, Dhanbad",Jharia,life.dhanbad@gmail.com,NOT AVAILABLE,91-98355 71892,91-326-2460654,"Health, blood donation, disability, plantation, environment awareness, self employment for poor, old age care."
Laxmi Ahir,"Sagalgadih, Tamar",Ranchi,Bhupati.79@gmail.com,NOT AVAILABLE,96084 85880,,"Animal Health, Women’s Issues, Youth."
Lifetech Development Institution Trust,"Vikas Bhawan, G.T.Road, Indranagar, Mugma",Dhanbad,chief_lifetech@yahoo.com,NOT AVAILABLE,91-94311 60873,,
Lakshya Development Society,"Nr. Baridih Community Centre, Birsanagar, Zone 8",Jamshedpur,kcec_jholi@yahoo.co.in,NOT AVAILABLE,,91-657-2283340,For more works in our state
LITD – Livestock Institute of Training & Development,"112 A, Yuvraj Enclave, Dimna Road, Mango",Jamshedpur,litd.jharkhand@gmail.com,NOT AVAILABLE,91-94313 09542,91-657-2652368,livestock development & animal welfare
LOKDEEP,"College Road, Madhupur",Deoghar,lokdeeporg@gmail.com,NOT AVAILABLE,91-94311 32968,,Sharing information about development.
Lok Prerna,"Aarti Bhawan, Court Road",Deoghar,lokprerna_skk@yahoo.co.uk,NOT AVAILABLE,91-92043 27334,,
Lok Jagriti Kendra,"Singhani, Hazaribag",Hazaribag,dpkhzb@gmail.com,NOT AVAILABLE,,91-654-6225340,Social Work
Kurmi Swayamsevak Sangh (KSS),"Dhanchatani, Luabasa, Govindpur, Jamshedpur",East Singhbhum,kurmi.society@gmail.com,NOT AVAILABLE,82942 34231,,"Agriculture, Art and Craft, Art and Culture, Awareness Generation, Child Labour, Child Rights, Child Welfare, Community Development, E-Learning, Education."
Machhuara Yuva Manch,"School Balidih, Bokaro",Bokaro,machhuara@yahoo.co.in,NOT AVAILABLE,91-94317 38854,,Health
Maharshi Hariram Saran Shastri Educational & Social Trust,"SK-4-130, Saharpura, Sindri",Dhanbad,pramod_jha.ciitm @yahoo.co.in,NOT AVAILABLE,,91-326-2311314,Education
Madait Jan Samiti,Tirilpiri Sukurhutu,Ranchi,madaitjansamiti@gmail.com,NOT AVAILABLE,70704 57991,,"Agriculture, Education, Environment, Micro-Enterprises, Natural Resource Management, Plantation, Poverty, Tribal Development, Tribal Issues, Youth."
Lakshya Jharkhand Ek Seva Sanstha,"C/o Sahu Graphics, Near Durga Puja Maidan, Main Road, Chhota Gamharia",Jamshedpur,lakshya.jharkhand@gmail.com,NOT AVAILABLE,91-93340 99642,"91-657-6459307, 91-657-6541378",Make a happy India.
Mahila Kalyan Samiti Dhori,"Dhori Staff Colony, Near Dhori Dispansary, Dhori",Bokaro,mksdbharti@rediffmail.com,NOT AVAILABLE,99555 09286,06549-222117,Social Work.
Mahila Mandal Aim,"Mahila Mandal, Itkhori Chatra",Itkhori Chatra,meera1997singh@gmail.com,NOT AVAILABLE,91-94313 87878,91-6541-266597,Women empowerment & rural development.
Maa Taranganee Human Welfare Association,"Abroad Hostel Room 35, C.T.I. Colony",Ranchi,,NOT AVAILABLE,,,Samajik kalyan.
Mahila Mandal,NOT AVAILABLE,Itkhori,NOT AVAILABLE,NOT AVAILABLE,NOT AVAILABLE,NOT AVAILABLE,NOT AVAILABLE
Mahila Kalyan Samiti,"Dhori Staff Colony, Near Dhori Dispansary, Dhori",Bokaro,mksdbharti@rediffmail.com,NOT AVAILABLE,91-99555 09286,91-6549-2222117,Sustanable lively hoods Development.
JUDAV,"Madhupur, Deoghar",Deoghar,judav_jharkhand@yahoo.com,NOT AVAILABLE,91-94311 76713,91-6438-224046,Alternative development.
Mahila Shishu Jan Vikas Samiti,"Sector 9-B-12, Qtr 305",Bokaro,msjvs@yahoo.com,NOT AVAILABLE,91-98355 97674,,Social walfare.
Manav Sahara Kendra,"Dt 2216, Tanki Side, Dhurwa",Ranchi,binay@indiainfo.com,NOT AVAILABLE,91-94311 73272,,"Education, health, water, women empowerment, agriculture, child development."
Mahila Samagra Utthan Samiti,"Professor Colony, Palamu",Daltonganj,"msusindia@gmail.com, mrityunjayratnakar@gmail.com",NOT AVAILABLE,91-94311 93287,,Women empowerment and rural development.
Manav Pariwartan Foundation,Shivpuri-Ratu Road,Ranchi,manavpariwartanfoundation@gmail.com,NOT AVAILABLE,93085 78590,0651-2283827,"General – Social Welfare, Hiv/Aids, Rural Development, Social Awareness, Women’S Issues."
Manav Seva,"Palajori, Deoghar",Deoghar,manavseva.deoghar@gmail.com,NOT AVAILABLE,91-99348 06666,,
Manav Vikas Sansthan Sujapur,"Kali Bari, Belabagan, Dabar Gram",Deoghar,mvss_deoghar@yahoo.co.in,NOT AVAILABLE,"91-94317 82480, 91-90310 44764, 91-92345 58374",,Development work for upliftment for downtrodden people.
Manav Vikas Seva Samiti,"Anand Vihar, Kadru",Ranchi,mvss_jharkhand@rediffmail.com,NOT AVAILABLE,91-94715 56092,91-651-2340217,Social work
Manav Vikas,"Ichak, Hazaribagh",Hazaribagh,mvichak_hzb@rediffmail.com,NOT AVAILABLE,,91-6548-285273,"Manav Vikas wants to establish an equitable, egalitarian non-exploitative society, with empowered"
Maharshi Menhi Kalyan Kendra,"Indrapuri 1, Sukhdeo Nagar, Hehal",Ranchi,mmkkngoranchi@yahoo.co.in,NOT AVAILABLE,91-93348 35185,91-651-2280178,Funding support for Rural development
Manthan Yuva Sansthan,"3rd Street, Hindpiri",Ranchi,manthanindia@gmail.com,NOT AVAILABLE,,91-651-2202202,"Innovation, enterprise and community development are therefore the cornerstones of Manthan."
Mary Vandana Health Welfare Society,"G. E. L Church Road, Ghochotoli",Simdega,isvhpushpa@gmail.com,NOT AVAILABLE,"8969574588, 86768 74781",,"Health, Women Development/Welfare Education."
Mahila Silp Kala Kendra,"Jalwabad, Koderma",Koderma,qaiyums@gmail.com,NOT AVAILABLE,91-94303 74730,91-6534-226938,Serve the service.
Maitri,"Brindavan Hospital Campus, Ranchi Road, Marar Ramgarh",Hazaribagh,maitri_ramgarh@rediff.com,NOT AVAILABLE,91-94319 90821,91-6553-224516,
Mata Shakuntala Devi Educational Society,Tarhasi,Tarhasi,msdes896@gmail.com,NOT AVAILABLE,91552 30355,,"Climate Change, Employment, Governance, Herbal Medicine, Sericulture, Wildlife."
Micro Enterprises & Sustainable Project (MESP),"Opp. Of Dfo Office, Belabagan",Deoghar,mesp.mukherjee4@gmail.com,NOT AVAILABLE,99556 05754,06432-225566,"Advocacy On Social Issues, Corporate Social Responsibility, Economics and Finance, Livelihood, Sustainable Development We Are Basically Working For Micro Enterprise and Livelihood Promotion."
Milky-Way Universall Trust,"201, 2nd Floor, Madhuri Palace, Near City Center, Bartand",Dhanbad,ajeykumarcfa@gmail.com,NOT AVAILABLE,8409 304451,,"Adolescent Girls Welfare, Child Rights, Employment, Energy, Tribal Development, Tribal Issues, Women Development Welfare, Women’S Issues Specially For Poor Children."
Medical & Social Service,"Argora, Pipar Toli, Doranda",Ranchi,tmss2008@yahoo.com,NOT AVAILABLE,91-94715 01367,91-651-2246629,Social development
Marksman Welfare Society,"P.T.C. Road, Jago Niwas Gali, Moon Villa, Matwari",Hazaribag,marksman.1994@gmail.com,NOT AVAILABLE,,91-6546-227407,
MISSI,"Tero, Bero",Ranchi,cssrnchjh@gmail.com,NOT AVAILABLE,91-94313 62034,,Eliminating discrimination against women.
Modern IndiaDevelopment Association,"Bandha More, Baijnathpur, Deoghar",Deoghar,midadeoghar@gmail.com,NOT AVAILABLE,98353 79412,,Social Work.
Marsal Vikas Kendra,"College More, Chaibasa",Chaibasa,archanajha_005@sify.com,NOT AVAILABLE,,91-6582-259644,"Agriculture, education."
Muslim Education & Social Welfare Society,"Jorapokhar 1, Jealgora",Dhanbad,afzal.mesws@yahoo.com,NOT AVAILABLE,91-98353 33278,,"Eduacation, health, social work."
Maulana Jauhar Ali Health & Education Foundation,"Baragain, Ranchi",Ranchi,mjahef@yahoo.co,NOT AVAILABLE,,91-651-2547389,
Mohterma Sabiran Khatoon Trust,"Abdul Rahman Compound, La Pur Chawk, Sakhiya, Oriya",Hazaribag,sabirankhatoon@yahoo.com,NOT AVAILABLE,"91-98353 63155, 91-99391 29747",91-6546-224867,"Society particularly for down-trodden, backward, minority, education, etc."
Nai Roshni,"Chouparan, Hazaribagh",Hazaribagh,nai.roshni@redifmail.com,NOT AVAILABLE,,,"Education, health, water, women empowerment, child development, rural development, disability."
Manav Samaj Kalyan Sansthan,"Hirapur Dhanbad, Dhanbad",Dhanbad,vishal0326@gmail.com,NOT AVAILABLE,91-93087 41108,,
Naman India Gramin Vikash Avam Samajik Pariwartan Samiti,"Upper Kulhi Sindri Road, Jharia",Dhanbad,yarkindia@yahoo.com,NOT AVAILABLE,91-93340 74775,91-326-2240728,
Mission Ikon Society (MIS),"Katras Road, Matkuria, Sanjay Nagar, Nh 32",Dhanbad,mikonsocitey@rediffmail.com,NOT AVAILABLE,"96931 29059, 93860 27905",,"Anti Drug Campaign, Art And Craft, Art And Culture, Awareness Generation, Child Labour, Child Rights, Child Welfare, Corporate Social Responsibility, Distance Learning, E-Learning, Economics And Finance, Education, Employment, Forest Management, General – Social Welfare, Grants/Aids, Group Promotion, Health, Hiv/Aids, Human Rights, Labour, Law, Legal Awareness, Local Self Governance (Panchayati Raj), Mentally Handicapped Persons, Micro-Enterprises, Natural Resource Management, Ngo Management, Public Administration, Rural Development, Sex Workers Welfare, Society And Economy, Right To Information, Trafficking Of Women, Training, Volunteers, Water, Women Development/Welfare, Yoga, Youth."
Nav Yuva,"Kapoor Complex, Sujata Chowk",Ranchi,chotuint@rediffmail.com,NOT AVAILABLE,,91-651-2332136,Education development
Nav Bharat Vikas Kendra,"Sadanand Road, Near St. Columbas College",Hazaribag,vinodrana.hzb@gmail.com,NOT AVAILABLE,92790 30595,,"Agriculture, Art and Craft, Art and Culture, Awareness Generation, Development (General), Education, Employment, General – Social Welfare, Health, Human Development, Irrigation, Labour."
MVSS – Manav Vikas Seva Samiti,"Anand Vihar Colony, Kadru",Ranchi,info@mvss.org.in,NOT AVAILABLE,91-94715 56092,91-651-2340217,"Education, health, water, women empowerment, child development, rural development, agriculture."
Naman Foundation,"Central University Road, Brambe, Mandar",Brambe,president.namanfoundation@gmail.com,NOT AVAILABLE,96311 29986,,"Child Labour, Corporate Social Responsibility, Cultural Issues, E-Learning, Economics And Finance, Education, Employment, Environment, General – Social Welfare, Human Rights, Ngo Management, Plantation, Science And Technology, Society And Economy, Right To Information, Tribal Development, Tribal Issues, Women Development/Welfare, Women’S Issues, Youth."
Navyug Welfare Society,"DAV School Raod, Purana Bazar",Dhanbad,,NOT AVAILABLE,"91-94319 18652, 91-93340 02337, 91-93043 93779",,Technical/non technical education.
Nai Kiran,"Hashmia Colony, Pugmal",Hazaribagh,"toffiqueansari@yahoo.com, naikiran.org@gmail.com",NOT AVAILABLE,"91-99315 13729, 91-99553 90252",91-6546-263579,Health & Community development.
Nayee Roshni,"Dumshatoli, Near Bahu Bazar, Old H.B. Road",Ranchi,,NOT AVAILABLE,91-94313 59804,,Help the people
Navyuvak Sangh Samiti,"Bhim Market, Lal Bungalow, Dungri Jamadoba",Dhanbad,nyssdhanbad@gmail.com,NOT AVAILABLE,95256 00700,,Development Of Poor People.
NEEV – New Education & Environment Visions,"21, River View Enclave, Telco Colony",Jamshedpur,anuragjain75@gmail.com,NOT AVAILABLE,91-92348 33856,"21, River View Enclave, Telco Colony",Building communities through social enterprises.
NEEDS – Noble Efforts & Eminent Development Society,"Bal Krishna Bhawan, Manohartand Basti",Dhanbad,star_sky@rediffmail.com,NOT AVAILABLE,91-93347 76801,,Social and welfare accountability.
Nirantar Sarthak Foundation,"Khasmahal, Jamshedpur",Jamshedpur,nsfjsr@gmail.com,NOT AVAILABLE,,91-657-2234688,"Tribal development, health and sanitation."
NEEDS – Network for Enterprise Enhancement & Development Support,"William Town, Deoghar",Deoghar,needspostoffice@sify.com,NOT AVAILABLE,"91-6432-236815,",91-6432-230775,"Community Development, Development(General), Disaster management, Education, Employment, Environment, Information and Communications Technology, Livelihood, Rural Development, Self Help Groups, Women’s issues"
New Jharkhand Welfare Society,"Singh Market, 1st Floor, Opp. Indira Palace, Hinoo",Ranchi,usha_sinha2006@rediffmail.com,NOT AVAILABLE,91-93344 37155,91-651-2253079,
Nirmal Educational & Welfare Society,"Kasturba Nagar, Dhanbad",Dhanbad,newsdhanbad@gmail.com,NOT AVAILABLE,,91-326-3052070,"Education, women education, literacy, urban development. Environment, legal advice, vocational training."
Nirman Development Society,"2nd Floor, Chaganlal Market, Kantatoli Chowk",Ranchi,sushildubeyranchey@gmail.com,NOT AVAILABLE,91-93343 55885,,"Rural development, women empowerment, health, education etc."
Nishtha Foundation,,Latehar,rajepjl@gmail.com,NOT AVAILABLE,93345 06607,06565-226472,"Adolescent Girls Welfare, Agriculture, Anti Drug Campaign, Art And Craft, Awareness Generation, Blindness, Child Rights, Child Welfare, Climate Change, Cow Protection Centre (Goushala), Cultural Heritage., Disaster Management, Distance Learning, E-Governance, Education, Employment, Energy, Environment, Fair Trade, Forest Management, Forestry, Gender, General – Social Welfare, Governance, Group Promotion, Health, Herbal Medicine, Hiv/Aids, Human Development, Human Rights, Indigenous Knowledge, Infrastructure, Installation Of Borewells, Intellectual Property, Labour, Law, Livelihood, Local Administration, Medical Relief, Minorities, Ngo Management, Old Aged Welfare, Orphanage, Plantation, Pollution, Population, Public Administration, Rehabilitation, Rural Development, Sanitation, Shelter Home, Right To Information, Urban Development, Waste Management, Water, Wildlife, Yoga, Youth."
NIRVAAN,"Professor Colony, New Bilasi Town, B. Deoghar",Deoghar,deepaktrivedi@rediffmail.com,NOT AVAILABLE,"91-94303 22298, 91-94319 79808",,Social service
One Percent Humanity,"Steel City, Bokaro",Bokaro,amresh_4only@rediffmail.com,NOT AVAILABLE,,91-6542-260344,To provide education to street children
NAVCHETAN,"246/2/3, Chhota Govindpur",Jamshedpur,rkjha111@yahoo.com,NOT AVAILABLE,"91-92347 25466, 91-90061 38643",91-657-2277192,"Education, health, women empowerment, child development, rural development."
Nitdt,"Opp. Sahara Office, Banshilal Chowk",Hazaribag,nitdtindia@gmail.com,NOT AVAILABLE,99311 57624,,"Child Labour, Community Development, Trafficking Of Women, Training, Women Development/Welfare."
Parvatiya Durgam Shiksha Vikas,"Sashi Vihar, Chaishar Home Road, Bariyatu",Ranchi,pdsv09@yahoo.in,NOT AVAILABLE,"91-94705 20632, 91-93344 23483",91-651-2546092,
Navchetan Welfare Development Society,"Dumroun Road, Ichak More, Hazaribag",Hazaribag,nwds.hzb@gmail.com,NOT AVAILABLE,98359 13512,0654-6232946,Social Work.
Organization for Developmental Activities,"1/A, Gharana Palace",Ranchi,o_da2001@yahoo.com,NOT AVAILABLE,,91-651-2532910,"Fisheries, rural development, education, water conservation, environment."
Pearl International,"Morabadi, Ranchi",Ranchi,r.ramanj@gmail.com,NOT AVAILABLE,91-97092 27593,91-651-2550351,"Education, health, livelihood & wildlife care."
People for Animals,"Chuha Bagan, Dumka",Dumka,amitdmk08@gmail.com,NOT AVAILABLE,91-94311 94497,,
Pallav,"277, Hatma, Near Sidhu Kanhu Park, Kanke Road",Ranchi,pallavngo@gmail.com,NOT AVAILABLE,80512 51009,,"Adolescent Girls Welfare, Advocacy On Social Issues, Agriculture, Art And Craft, Awareness Generation, Climate Change, Community Development, Development (General), Disaster Management, Environment, Forest Management, Forestry, Human Development, Infrastructure, Irrigation, Natural Resource Management, Plantation, Rural Development, Self Help Groups, Social Awareness, Sustainable Development, Training, Tribal Development, Water, Women Development/Welfare."
Phooleen Mahila Chetna Vikas Kendra,"Bhogtachorant, RamChandrapur",Deoghar,phooleen@gmail.com,NOT AVAILABLE,91-93341 39369,,Phooleen believes in the essential dignity of people and in their capacity to overcome the problems.
Pioneer Foundation,"Buxidih Road, Near Samanta Motor Garage",Giridih,pioneerjhindia@yahoo.com,NOT AVAILABLE,91-99551 13252,,"Education, women empowerment, rural development, old age care, health."
PRADAN,"Near DFO Residence, Seraikella",Seraikella,seraikella@pradan.net,NOT AVAILABLE,91-9994 45534,91-6582-257679,Agriculture
Parents Association of Mentally Handicapped,"M-303, Green Enclave Flat, G.P.Slope, Kadma",Jamshedpur,pbabur@jsr.tatasteel.com,NOT AVAILABLE,"91-92346 72214, 91-94313 72214",,
PPP – Paropkar Param Punya Samiti,"Baramasia Football Ground, Dhanbad",Dhanbad,pppsamiti.dhn@gmail.com,NOT AVAILABLE,91-93349 46988,91-326-2309356,
Patratu School of Economics,"PTPS, Patratu",Hazaribagh,psg05@yahoo.co.in,NOT AVAILABLE,91-99341 39536,,Health and education development.
Parvatita Gram Nirman Mandal,"Rangamati, Pogra Silli",Ranchi,krishna9611@gmail.com,NOT AVAILABLE,91-93344 06567,91-651-2332481,"Health, education, rural develpment, agriculture and micro finance."
Pragati Luyadih,"Palidih, Rasunchopa, Tatanagar",East Singhbhum,pragati206@gmail.com,NOT AVAILABLE,94315 42538,,"Adolescent Girls Welfare, Advocacy On Social Issues, Awareness Generation, Education, Health, Tribal Development."
PRAKHAR,"4th Floor, Samudra Complex, Circular Road",Ranchi,info@prakhar.com,NOT AVAILABLE,91-99188 21171,91-651-2563739,"Education, health."
Prakriti Social Development Foundation,"B-001, Sn Enclave, Latma Road",Ranchi,prakritisocialfoundation@hotmail.com,NOT AVAILABLE,80926 12224,0651-2100245,"Adolescent Girls Welfare, Blindness, Child Labour, Old Aged Welfare, Plantation, Pollution, Training, Women Development/Welfare."
Prakriti Bachao Foundation,"C/o Dr. Khaliq Ahmad, Opp. Jama Masjid",Ranchi,prakritibachao@yahoo.in,NOT AVAILABLE,91-94311 82112,,Food and livelihood security.
People for Change,"604, Radhika Tower, Radhika Garden, Ghorabandha",Jamshedpur,souviksaha1@in.com,NOT AVAILABLE,"91-93868 19379, 91-93863 70778",91-657-2281985,Education and youth development.
PRERANA,"Ajanta Para, Hirapur",Dhanbad,prerana.dhn@gmail.com,NOT AVAILABLE,"91-94317 26870, 91-92344 13061",,"Provision for recognition, education, rejuvenation, and awareness generation for needy anonymous."
PRAYAS,"Cannary Hill Road, Hazaribag",Hazaribag,prayas_hzb@rediffmail.com,NOT AVAILABLE,,91-6546-266973,Rural development.
Prerana Swayam Sewi Sanstha,"Ajanta Para, Hirapur",Dhanbad,prerana.jharkhand@gmail.com,NOT AVAILABLE,91-93340 02214,,"Health, education, self-employment, women-empowerment, missing children searching."
Pragati Path,"Simaldih, Telipara, Damodarpur",Dhanbad,pathpragati@gmail.com,NOT AVAILABLE,94311 22550,"Simaldih, Telipara, Damodarpur","Art And Craft, Awareness Generation, Child Labour, Distance Learning, Education, Food And Nutrition, General – Social Welfare, Health, Hiv Aids, Human Development, Human Rights, Labour, Old Aged Welfare, Rural Development, Self Help Groups, Social Awareness, Water."
Prerna Group of Education & Social Health Welfare Society,"KD 10, 1st Floor, City Ceentre, Sector 4",Bokaro Steel City,supportprerna@gmail.com,NOT AVAILABLE,,91-6542-233448,Development
Prince Art & Rural Development Society,"Cinema Road, Rajdhanwar, Rajdhanwar",Giridih,sudhirpards@gmail.com,NOT AVAILABLE,91-99341 34710,,"Education, health & livelihood."
Professional Assistance for Development Action,Godda,Godda,godda@pradan.net,NOT AVAILABLE,,91-6422-222503,Rural development.
Progressive Muslim Welfare Society,"16, Sector-3, Dhurwa",Ranchi,rajaasifahmad786@gmail.com,NOT AVAILABLE,76774 37443,,Education.
Prakashdeep Institute of Social Service,"New Area Hubsi Camp, Hehal",Ranchi,info.pdiss@gmail.com,NOT AVAILABLE,73031 50558,,"Agriculture, Art And Craft, Awareness Generation, Community Development, Corporate Social Responsibility, Development (General), Education, Environment, Health, Media, Natural Resource Management, Pollution, Rural Development, Self Help Groups, Sustainable Development, Training, Waste Management, Water, Women Development/Welfare, Youth."
Rah Society,"Khairachatar, Bokaro",Bokaro,rah_society@indiya.com,NOT AVAILABLE,91-99313 07007,,
RAHAT,"Khalashi Mohalla, Madhupur",Deoghar,rahatmadhupur@gmail.com,NOT AVAILABLE,91-94303 39797,91-6438-224044,"Rural development, women empowerment, education, health."
Raftaar Swayamsevi Sanstha,"Baba Ramnagar Path, Byepass Road, Redma, Daltonganj",Palamu,ngoraftaar@gmail.com,NOT AVAILABLE,82928 18202,06562-235232,"Agriculture, Animal Health, Anti Drug Campaign, Art and Craft, Awareness Generation, Child Labour, Child Rights, Community Development, Education, Environment, Health, Human Development."
Rajeev Gandhi Memorial Trust,"New Colony, Dipugarah Hazaribag",Hazaribagh,rgmt.haz@gmail.com,NOT AVAILABLE,94315 59356,06546-263823,Social Work.
Randhir Verma Memorial Society,"24, Jagjivan Nagar",Dhanbad,rvfoundation@gmail.com,NOT AVAILABLE,91-99990 53732,,Education
RAHBAR Educational & Social Welfare Society,"Upper Kulhi, Jharia",Dhanbad,rahbar.ashfaque@gmail.com,NOT AVAILABLE,91-97092 16786,,"Education & awareness program for plantation, consumer, HIV/AIDS, legal aid, rti. women’s issues."
Pujya Tapaswi Sri Jagjeevanjee Maharaj Chakchu Chikitsalaya,"Petarbar, Bokaro",Bokaro,ptjmch@rediffmail.com,NOT AVAILABLE,91-94313 64768,91-6549-265609,Charitable eye hospital.
Rhabar Educational & Social Welfare Society,"Upper Kulhi, Jharia",Dhanbad,rahbar.ashfaque@yahoo.com,NOT AVAILABLE,,91-326-2240029,
Right Foundation,"3, Near Birsa Blood Bank, Bariatu",Ranchi,rightfoundation@gmail.com,NOT AVAILABLE,96083 93591,,"Agriculture, Awareness Generation, Education, Employment, Forest Management, Hiv/Aids, Local Administration, Self Help Groups, Society And Economy, Training, Tribal Issues, Volunteers, Waste Management, Water, Women Development/Welfare, Youth."
PRERNA,"126, Station Road",Ranchi,shreedeo@yahoo.com,NOT AVAILABLE,,91-651-2253773,To help the mass
Rukmini Devi Educational & Cultural Society,"Maa Durga Mandir Phusro, New Road Phusro",Bokaro,oce.bermo.uchit@gmail.com,NOT AVAILABLE,91-99341 09030,91-6549-222534,
Roshni Swyam Sevi,"1009, Nand Nagar, Bhyuidihya, Agrico",Jamshedpur,rsssanstha@rediffmail.com,NOT AVAILABLE,"91224 43599, 82710 07281",,"Anti Drug Campaign, Art And Culture, Awareness Generation, Child Labour, Child Rights, Child Welfare, Environment, Information And Communications Technology, Training, Women Development Welfare, Youth."
Prerna Rural Development Society,Yashwant Nagar,Hazaribag,sahdeoprdsngo@gmail.com,NOT AVAILABLE,94312 07935,06546-223529,"Adolescent Girls Welfare, Agriculture, Art And Craft, Art And Culture, Awareness Generation, Blindness, Child Labour, Child Welfare, Climate Change, Community Development, Corporate Social Responsibility, Disability, Disadvantaged Communities, Food And Nutrition, Forest Management."
Rural Organisation for Socio- Economic Development,"Krishna Kutir, Block Area, Mosaboni",East Singbhum,rosed_msb@rediffmail.com,NOT AVAILABLE,91-99315 72316,91-6585-275850,"Health, education, sanitation & holistic rural development."
Rashtriya Prayas,"Nilkanth Vihar, Savera Path, Deoghar College Road",Deoghar,rashtriyaprayas2014@gmail.com,NOT AVAILABLE,99310 60390,,"Economics And Finance, Education, Local Administration, Micro-Enterprises, Rural Development, Self Help Groups, Social Awareness, Urban Development, Women Development/Welfare."
Rural Employment Literacy Indian Foundation,"Sainik Colony Dumardaga, Booty, Sadar",Ranchi,relifhelp@gmail.com,NOT AVAILABLE,98353 24579,,"Food And Nutrition, Forest Management, Human Development, Livelihood, Local Administration."
S.D. Social Development & Welfare Society,"S.D. Pubic School Campus, Zone 1 B, Birsanagar, Hurlug Road",Jamshedpur,binayid@hotmail.com,NOT AVAILABLE,,91-657-2282282,Social development
Rural Outright Development Society,"C-7/7, Mosaboni No.3, Mosaboni Mines",Simghbhum,rodsmosaboni@indiatimes.com,NOT AVAILABLE,,91-6585-291738,All round development.
RISTE,"C/o Goutam Acharyya, Dhanbad",Dhanbad,riste.dhn@gmail.com,NOT AVAILABLE,91-98353 45605,,Environment.
Sadbhawna,"D-Block, Sec-2",Dhanbad,ranjeet786k@gmail.com,NOT AVAILABLE,93343 23088,,"Animal Welfare, Art And Culture, Child Labour, Child Rights, Cultural Issues, Education, Employment, Environment."
Rasta,"Gayatri Nagar, Nahar Chowk",Godda,rastatheway@rediffmail.com,NOT AVAILABLE,94301 98952,06422-220064,"Agriculture, Awareness Generation, Child Labour, Child Rights, Child Welfare, Community Development, Health, Legal Awareness, Self Help Groups, Sex Workers Welfare, Traditional Health, Trafficking Of Women, Training, Tribal Development."
Rural Peoples Foundation,"Ashok Kunj, Opp. Road 3, Ashok Nagar",Ranchi,kpall2004@rediffmail.com,NOT AVAILABLE,91-94319 49770,,"Working for deprived people on intervention pertain to education, water, sanitation and Environment."
Sahara Arpan,"Shila Bhawan, Jasidih Bazar",Deoghar,saharaarpan@yahoo.com,NOT AVAILABLE,,91-6432-270612,
SAHYOGINI,"Bahadurpur, Bokaro",Bokaro,sahyogini_gtm@rediffmail.com,NOT AVAILABLE,,91-654-2238366,"Rural sanitation, disabled rehabilitation, tribal right."
Sai Pariwar,"55, Murli Nagar, Saraidhella, Dhanbad",Dhanbad,jagdambatraders@hotmail.com,NOT AVAILABLE,72098 65300,,"Agriculture, Corporate Social Responsibility, Development (General), Grants Aids, Livelihood, Rural Development, Social Awareness, Tribal Issues, Women Development Welfare Service With A Nobel Thought In Rural & Weaker Sector."
Sacred Social Welfare Society,"St. Michael High School, Jailhata, Daltonganj",Palamau,sswsdtg@gmail.com,NOT AVAILABLE,72095 72715,,"Adolescent Girls Welfare, Awareness Generation, Child Labour, Child Rights, Child Welfare, E-Governance, Hiv/Aids, Training, Tribal Development, Women Development/Welfare, Youth."
Samaj Hit Kalyan Samiti,"Abhinandan, A-7, Biada Housing Colony",Bokaro Steel City,contactsksindia@gmail.com,NOT AVAILABLE,82352 66818,,Social Work
Sadaiv Samarpit,"In Front of E, 24/2, I.E.Gomia",Bokaro,s.samarpit@rediffmail.com,NOT AVAILABLE,91-99553 32305,,Women empowerment & HIV AIDS awareness.
Samajik Kalyan Yojna Trust,"Qr. No. 21/8, University Colony, Bariatu",Ranchi,sky05@mail.com,NOT AVAILABLE,91-93344 27894,,Charity
Samaj Kalyan Sangh,"Kendua Bazar, Near Durga Mandir",Dhanbad,sksd_200607@rediffmail.com,NOT AVAILABLE,91-98353 29866,,
Samarpan Charitable Trust,"Near Marwari College, Rajguru Compound, Lake Road",Ranchi,sctranchi2003@gmail.com,NOT AVAILABLE,91-99311 90782,91-651-3207058,"Education, health, women empowerment, rural development, agriculture, microfinance, IGA etc."
Samajik Yuva Vikas Kendra,"Sudna, Daltonganj",Palamau,ssamajikyuvavikaskendra@yahoo.com,NOT AVAILABLE,91-94715 12267,91-656-2290109,
Sampurna Jan Mahila Kalyan Samiti,"Sosai, Mandar",Ranchi,pks_19ca@yahoo.com,NOT AVAILABLE,"91-93084 85999, 91-93347 06407",,
Samoh Vikash & Research Organization,"114 B, Harihar Singh Road, Manda Bagicha, Morabadi",Ranchi,binasingh39@yahoo.in,NOT AVAILABLE,91-99313 15105,91-651-6452043,"Water, health, agriculture and micro finance."
Samagra Anusuchit Jaati Anusuchit Janjaati Mahasangh,"Indraprasth Colony, Mandir Marg, Jora Talab, Bariyatu",Ranchi,sajajjm@gmail.com,NOT AVAILABLE,93080 28298,,"Agriculture, Community Development, Livelihood, Old Aged Welfare, Orphanage, Plantation, Poverty, Sanitation, Self Help Groups, Social Awareness, Trafficking Of Women, Tribal Development, Tribal Issues A Society For Everyone Based On Legitimate Rights, Equity, Justice, Social Sensitivity In Which All Are Self-Reliant."
SAMRIDHI,"Barmasia, Deoghar",Deoghar,samriddhideo@gmail.com,NOT AVAILABLE,91-93346 88912,,
SAMVAD,"301-A, Urmila Enclave, Peace Road",Ranchi,samvad@samvad.net,NOT AVAILABLE,91-94311 76713,91-651-2530356,"Communication, education, art & culture."
Sai Jharkhand,"Vikash Nagar, 1, Singh More",Ranchi,shivsukrit@gmail.com,NOT AVAILABLE,91-94317 61740,,
Samriddhi Foundation,"Near Gaints Club Bhawan, Nawatoli",Daltonganj,Vivekkumar84@yahoo.co.in,NOT AVAILABLE,91-93347 71530,91-6562-230449,"Education, health, women empowerment, child development, rural development, agriculture, micro finance."
Sankalp Samridhi,"C.H. School Road, Koderma",Koderma,Pradeepguru@Yahoo.com,NOT AVAILABLE,91-99343 74605,,"Children rights, education, human rights."
SANJEEVNI,"3rd Floor, Krishna Tower",Ranchi,sanjeevniranchi@gmail.com,NOT AVAILABLE,91-94311 02634,,"Child welfare, education, agriculture, consumer issues, environment, food and nutrition, health."
Saheed Nirmal Seva Sadan,"Block No. 3, Shastrinagar",Jamshedpur,nirmalsevasadan@yahoo.com,NOT AVAILABLE,,91-657-2758515,Health care
Sangram,"Sheed Chowk, Domchanch",Koderma,sangram.Jharkhand05@gmail.com,NOT AVAILABLE,99345 20602,05634-255994,"Advocacy On Social Issues, Agriculture, Child Labour, Child Rights, Child Welfare, Community Development, Cultural Heritage., Development (General), E-Learning, Economics And Finance, Education, Employment, Environment."
Sathi Sri Samajik Sanstha,"Panchavati, Indrapuri Road 6",Ranchi,nootan_smriti@yahoo.co.in,NOT AVAILABLE,,,"Development of Rural people in field of education, health & equality."
Satyam Sewa Asaram,"Kasim Bazar, Rajmahal",Sahibganj,satyamsewaasaram@gmail.com,NOT AVAILABLE,91-99395 11952,91-6426-228036,"Education, health, old age care, rural development, child development."
Sanskar Samajik Sansthan,"132, harmu Housing Colony",Ranchi,sanskarsamajiksansthan@rediffmail.com,NOT AVAILABLE,94306 01417,,Adolescent Girls Welfare.
Savera Samaj Kalyan Sansthan,"2, Rajpura, Kumardhubi, Maithon",Dhanbad,savera.jharkhand@gmail.com,NOT AVAILABLE,91-99341 80835,,Create a drug free society.
SAVERA,"112 A, Yuvraj Enclave, Dimna Road, Mango",Jamshedpur,savera3474@gmail.com,NOT AVAILABLE,91-94313 09542,91-657-2652368,Social sevices
SEEDS – Socio Economic & Education Development Society,"XLRI Campus, Circuit House Area",Jamshedpur,seeds@xlri.ac.in,NOT AVAILABLE,,91-657-2221817,At SEEDS we utilize the knowledge and experience in fighting poverty and enhancing skills and values.
Samridhi Foundation,"A-5, Bsnl Colony, Sidhgora",Jamshedpur,samridhi316@gmail.com,NOT AVAILABLE,94705 08077,06572-213044,Social Work
SEVA – Socio Economics Voluntary Agency,"Tinpahar, Sahebganj",Sahebganj,seva2006.org@gmail.com,NOT AVAILABLE,,91-6426-258935,To get grant for downtrodden people.
SARDA – Social Action for Rural Development,"Sarda Bhawan, Chotakimuram",Ramgarh,sardagroups@rediffmail.com,NOT AVAILABLE,,91-6553-226482,Rural development
Seva Kunj,"Tiril Road, Kokar",Ranchi,sewakunj94@gmail.com,NOT AVAILABLE,"99311 91445, 87970 91445, 94727 25346",,"E-Learning, Economics And Finance, Education, Employment, Infrastructure, Livelihood, Local Administration, Rural Development, Science And Technology, Social Awareness, Society And Economy, Right To Information, Urban Development."
Santhal Pargana Gramodyog Samiti,Towerchowk,Deoghar,secretaryspgs@gmail.com,NOT AVAILABLE,94723 13777,,Employment Selling Products Manufactured During Employment Generation.
SEVAK,"Tamolia, Kapali, Chandil, Mango",Jamshedpur,sanjayskm2@rediffmail.com,NOT AVAILABLE,"91-93346 16943, 91-94317 50232",91-657-2421246,
SERVE,"Beside Anand Gas Agency, Ranchi",Ranchi,servejharkhand@yahoo.in,NOT AVAILABLE,91-94311 73725,,"Rural development, awareness, child welfare, health, education."
Sevarth Nyas Parishad,"K M Road, Godda",Godda,mail2sevarth@gmail.com,NOT AVAILABLE,"91-92041 21842, 91-92046 00361",,
Samarpan,"Sundernagr, Koderma",Koderma,samarpanJharkhand@gmail.com,NOT AVAILABLE,99341 48413,,Social Work.
Shahid Shekh Bhikhari Vikash Sewa Sanstha,"Main Road, Ghorthamba, Arkhango, Dhanwar",Dhanwar,sabirwarsi15@gmail.com,NOT AVAILABLE,99051 59032,,Social Work
SEVAGRIH,"Rajdhanwar, Koderma",Koderma,satyarthi@lycos.com,NOT AVAILABLE,91-99007 27168,,To serve and support senior citizens.
SHARE – Social & Healthy Action for Rural Empowerment,"Sarjamda, Jamshedpur",Jamshedpur,share.org@rediffmail.com,NOT AVAILABLE,,91-657-2280440,
Shivay Trust,"Lakhari, Krishna Nagar",Giridih,shivaytrust@gmail.com,NOT AVAILABLE,"99053 46524, 87891 97792",,"Child Welfare, Education, Infrastructure, Labour, Local Self Governance (Panchayati Raj), Rural Development, Training, Women Development/Welfare, Women’S Issues."
Sewarth Nyas Parishad,"Kasba, Meharma",Godda,ipkmishra@gmail.com,NOT AVAILABLE,"91-92043 24853, 91-90063 03130",,"micro finance, education, community development"
Shakuntalam,"Kani Ram Chowk, Kund Mohalla",Palamau,kalyansingh76@yahoo.com,NOT AVAILABLE,91-94315 54236,91-6562-231400,"Education, health, NRM, water, women empowerment, child development, rural development, disability."
Shivprem Foundation Trust,"Palojori, Deoghar",Deoghar,sandeepk_d@yahoo.com,NOT AVAILABLE,91-99556 62850,,"Health care, education, agriculture etc."
Shree Laljee Prashikshan Kendra,"Putkee Bazar, Dhanbad",Dhanbad,slpkjharkhand@gmail.com,NOT AVAILABLE,,91-326-2331384,"Education, agriculture, health."
Shree Vishnu Sewa Ashram Vidyapith,Singdaha,Dhanbad,spandey.svsv@gmail.com,NOT AVAILABLE,96319 48222,,"Advocacy On Social Issues, Agriculture, Awareness Generation, Child Welfare, Climate Change, Community Development, Corporate Social Responsibility, Cultural Issues, Development (General), Disadvantaged Communities, Education, Group Promotion, Hiv/Aids, Human Development, Livelihood, Natural Resource Management, Pollution, Rural Development, Science And Technology, Self Help Groups, Social Awareness, Society And Economy, Sustainable Development, Training, Tribal Development, Women’S Issues To Serve The Marginalised, Needy & Underprivileged People Of The Society, Educate, Unite & Empower Them So That They Can Live With The Self Confidence And Dignity."
SEWA,"1040, Near Banshi Chock, 1st Street, Hind Piri",Ranchi,sewaranchi@gmail.com,NOT AVAILABLE,91-99315 55991,91-651-2306820,"Health, education, women empowerment."
Shree Om Sai Sanstha,"Shaharpura, Dhanbad",Dhanbad,niraj.thakur@yahoo.co.in,NOT AVAILABLE,91-93347 48005,,"Education, health care."
Smriti Kiran,"Baroo, Bahadurpur, Jaina, Block-Jaridih",Bokaro,smritikiranbokaro@gmail.com,NOT AVAILABLE,97091 09647,,Social Work
SEWA – Society for Ecology & Welfare Activities,"2nd Floor, Opp. Gramin Bank",Godda,secretary@sewaorg.co.cc,NOT AVAILABLE,91-93861 21001,,
Shree Krishna Jagriti Sansthan,"Dey Market, Telidih Road",Bokaro,satyanarayangope@gmail.com,NOT AVAILABLE,89868 21212,"Dey Market, Telidih Road","Agriculture, Education, Rural Development, Training, Women Development/Welfare."
Social & Healthy Action for Rural Empowerment,"Sarjamda, Jamshedpur",Jamshedpur,share.org@rediffmail.com,NOT AVAILABLE,91-94313 45887,91-657-6455189,Funding for tribal development programme in rural area. To bring the last first.
Social upliftment Trust,"250, Ghato Road, Lal Bungla",Hazaribag,suthzb1@gmail.com,NOT AVAILABLE,91-94315 57400,,Social upliftment
Social Action for Rural Development (SARDA),"Sarda Bhawan, Chhotkimuram",Ramgarh,sardagroups@rediffmail.com,NOT AVAILABLE,94311 46129,0655-3226482,"Advocacy On Social Issues, Agriculture, Animal Health, Awareness Generation, Climate Change, Community Development, Corporate Social Responsibility, Development (General), Disadvantaged Communities."
Simanchal Jankalyan Samiti,"Bansagari, Galgaltand, Chandankiyari",Bokaro,seemanchal@rediffmail.com,NOT AVAILABLE,91-98353 37085,,
Socially Educational Welfare Association,"Putru, Barakhurshi, Mahulia",Jamshedpur,satya2k60@yahoo.co.in,NOT AVAILABLE,91-99551 15822,,
SMILE – Social movement for an Ideological Life Establishment,"Maulana Azad Colony, Road 9",Ranchi,smileranchi09@gmaiil.com,NOT AVAILABLE,91-90973 91201,,To develop the life establishment.
Society for Community Empowerment,"Golpahari, Near United Engg Servicep",Jamshedpur,hsp1978@yahoo.co.in,NOT AVAILABLE,,91-657-6452191,Social welfare.
Society for Integrated Development,"Bhabya Bhawan Near Bageswari Apartment, Arypuri, Ratu Road",Ranchi,sidranchi@gmail.com,NOT AVAILABLE,91-93344 84848,,All round development reaching unreached.
Society for Rural Industrialisation,"Bariatu, Rmch Doctor’s Colony",Ranchi,rupcon@inranchi.com,NOT AVAILABLE,,"91-651-2540668, 91-651-6452751",Networking for rural development
SNEHIL Foundation,"Krishnapuri, Gali-4, Korrah",Hazaribag,snehilfoundation@gmail.com,NOT AVAILABLE,94313 95344,06553-231699,"Advocacy On Social Issues, Anti Drug Campaign, Awareness Generation, Disability, Human Rights, Legal Awareness, Old Aged Welfare, Science and Technology, Right To Information, Training, Women’S Issues."
Society for Rural Upliftment and Development,"Sai Coaching, Near Menon Roadways, Chunna Bhatta Kokar",Ranchi,srud.ngo@gmail.com,NOT AVAILABLE,88771 94222,,"Agriculture, Child Labour, Community Development, Corporate Social Responsibility, Development (General), Disaster Management."
South Vihar Welfare Society for Tribal,"134, Khunti Bhawan",Ranchi,svwst.ranchi@gmail.com,NOT AVAILABLE,91-98351 83076,91-651-2413084,"Women empowerment, disability, community development, health, education, agriculture, housing. Organizing the community to be self reliant & bring them into main stream."
Social Welfare Development Organisation,"Sarai Road, Dumka",Dumka,amsudu@rediffmail.com,NOT AVAILABLE,91-94313 68511,,
SPANDAN,"4 Pragati Vihar, Harmu Bye-Pass Road, Dibadih, Doranda",Ranchi,css_sachi@yahoo.co.in,NOT AVAILABLE,"91-94310 45117, 91-97715 68875",,Inclusive society for the persons with disability.
Society for Environment & Social Awareness,"Old I.T.O. Road, Redma",Palamau,sesa_environment@yahoo.co.in,NOT AVAILABLE,,91-6562-222968,"Environmental conservation, rural development"
Shiksha Evam Kalyan Samiti,"Rajmahal Road, Sahebganj",Sahebganj,shiksha_bhw@rediffmail.com,NOT AVAILABLE,91-93392 87349,,Rural vocational education and welfare
SPARSH,"Administrative Room, Working Womens Hostel, Sakchi",Jamshedpur,sanyal_nilanjana2003@yahoo.co.in,NOT AVAILABLE,91-92346 84392,,Empanelment.
Srijan – Sristi Janmanas Navnirman,"C/O Ashok Kumar Kanth, Dhanbad",Dhanbad,rakanth2007@rediff.com,NOT AVAILABLE,91-93344 65340,,
Srijansheel,"Shidhu Kanhu Basti, Adarsh Nagar",Jamshedpur,vikram85_aditya@yahoo.com,NOT AVAILABLE,"91-93044 81763, 91-93344 21308",,We are aware threw street play.
Srishti the Rural Developement Organization,"Ganesh Mandir, L.C. Dwari Road, Laxmipur Chowk",Deoghar,tsrishti@rockmail.com,NOT AVAILABLE,91-95559 52174,91-6432-231970,Rural developement work.
Suman Sanskriti Foundation,"3/D, 162, Bokaro",Bokaro,sumansanskritifoundation@gmail.com,NOT AVAILABLE,93868 96859,06542-224559,"Adolescent Girls Welfare, Awareness Generation, Child Labour, Child Rights, Child Welfare, Distance Learning, Education, Employment, Environment, Health, Hiv/Aids, Human Rights, Livelihood, Old Aged Welfare."
Socio Economic & Environmental Development Society (SEEDS),"Jailhata, Opp. – Rdd Quarter, Daltonganj",Palamau,seeds.jshm@gmail.com,NOT AVAILABLE,97982 63422,06562-222613,"Adolescent Girls Welfare, Agriculture, Anti Drug Campaign, Awareness Generation, Child Labour, Climate Change, Community Development, Consumer Issues, Development (General), Education, Environment, Food and Nutrition, Forest Management, Tribal Development, Tribal Issues, Waste Management, Water, Wildlife, Yoga To Create Village Developement Fund."
Spiritual India,"New Housing Colony, Adityapur",Seraikela Kharswan,spiritualIndia614@gmail.com,NOT AVAILABLE,91225 80841,,"Adolescent Girls Welfare, Art and Craft, Art and Culture, Awareness Generation, Ayurveda, Child Labour, Child Rights, Child Welfare, Community Development, Corporate Social Responsibility."
Swablamban Foundation,"2103, Anand Bihar Road-3, Near Waxpol Factory Booty Mote",Ranchi,swablambanfoundation@gmail.com,NOT AVAILABLE,98357 91554,0651-6579001,"Adolescent Girls Welfare, Advocacy On Social Issues, Child Labour, Child Rights, Development (General), Hiv/Aids, Orphanage, Rehabilitation, Social Awareness, Trafficking Of Women."
St. Joseph’S Welfare Centre,"Golmuri, Church Road",Jamshedpur,sjc_dir@rediffmail.com,NOT AVAILABLE,,91-657-2341484,Informal education.
Swarajya Ashram,"Jyotiendra Villa Vizay Path, Red Rose School Lane",Deoghar,sbhai.2007@rediffmail.com,NOT AVAILABLE,91-99345 78588,,Working for rural sector
Swami Vevekanand Janjatiya Uthhan Samiti,"Sakrugarh, St. Xaviers Road",Sahibganj,advaikar@hotmail.com,NOT AVAILABLE,91-99102 72102,,"Education, medical, economic equaility in society."
Swatantra Samaj Sewa,"Anand Market, Beside Indira Palace, Hinoo, Main Road",Ranchi,swatantra.samaj.seva@gmail.com,NOT AVAILABLE,,,"Human welfare, ready to provide helping hands to each and every society of India and abroad."
SRDO – Srishti the Rural Development Organization,"Ganesh Mandir, L.C. Dwari Road, Laxmipur Chowk",Deoghar,srishtisrdo@gmail.com,NOT AVAILABLE,91-95559 52174,,
Swasthya Evamm Paryavaran Utthan Sanstha,"F-661, Township, Bhawanathpur",Garhwa,support@sepus.org,NOT AVAILABLE,94727 52686,,"Agriculture, Cancer Patients Help, Child Labour, Child Welfare, Corporate Social Responsibility, Cultural Issues, Disaster Management, Education, Employment, Forest Management, Sericulture, Society And Economy, Right To Information."
Tathagat Welfare Foundation,"River Side Budh bazar, Bhurkunda",Ramgarh,tathagatngo@india.com,NOT AVAILABLE,94315 34469,,Social Work.
SUPPORT – Society for Upliftment of People with Peoples Organisation & Rural Technology,"DVC Colony, Near Hanuman Mandir",Hazaribag,supporthzb@indiatimes.com,NOT AVAILABLE,91-94311 85632,91-6546-266742,Upliftment of poor and marginalized section of the society.
Sun Rise,"DT 534 (T), Dhurwa",Ranchi,sunrise_ngo@rediffmail.com,NOT AVAILABLE,"91-99391 34500, 91-93867 45121",91-651-2407939,"Education, health, rural development etc."
Technical Education & Social Trust,"Resaldar Nagar, Near Overbridge, Doranda",Ranchi,m_essemm@yahoo.com,NOT AVAILABLE,"91-98353 64571, 91-93048 46451",91-651-2491672,Social & educational development.
The Adivasi & Other Classes Development & Welfare Autonomus Association,"Shivpahar, Dumka",Dumka,adwaa_dmk@yahoo.co.in,NOT AVAILABLE,,91-6434-230556,
Sri Sai Vikash Sanstha,"E/3, Road 10-B, Rishabh Nagar, New Pundag",Ranchi,srisaivikashsanstha@gmail.com,NOT AVAILABLE,87977 74546,,"Education, Pollution."
The Gurukul International,"Road A 1, Hawai Nagar",Ranchi,alok_inn@yahoo.com,NOT AVAILABLE,91-99341 00691,91-651-6454766,"Education, health, employment."
Tantushree Seva Sangh,Jamshedpur,Jamshedpur,tantushreesevasangh@yahoo.co.in,NOT AVAILABLE,91-92344 10136,,Social service through enhancing awareness & skill.
Technogyan Foundation,"Jatrahibag, College Road",Chatra,enquiry@technogyan.com,NOT AVAILABLE,,91-6541-224646,Higher education.
The Millat Committee Golmuri,"Help Marginalised People of India, Jamshedpur",Jamshedpur,millatcommittee@gmail.com,NOT AVAILABLE,91-92349 98262,,Inclusive growth of peoples less privileged.
Tara Seva Sadan,"Hata, Juri",Singhbhum,abilal@sify.com,NOT AVAILABLE,,91-657-2745404,Health
