ACTS – Accident Care & Transport Service,"District Hospital Compound, College Road",Thrissur,laijuactsthrissur@yahoo.com,NOT AVAILABLE,,91-487-2445500,Road accident free ambulance service.
Ability Foundation of India,"CSI Building, Ground Floor, Pulimood, Statue",Trivandrum,"abilityfoundationindia@yahoo.in, zeno_gany@yahoo.com",NOT AVAILABLE,,91-471-4068656,Disabiltiy camp
AGNI – Ascetic Group of Naturalistic Insights,"Central Office, Venmony",Idukki,babuthekkenthony@yahoo.co.in,NOT AVAILABLE,,91-486-2348188,Nation’s sustainable development.
ADIC – Alcohol & Drug Information Centre,Trivandrum,Trivandrum,adicindia@gmail.com,NOT AVAILABLE,91-94470 58460,91-471-2551221,Prevention of alcohol & substance abuse.
ACT – Ashraya Charitable Trust,"Mannuthy, Thrissur",Thrissur,acthq@ymail.com,NOT AVAILABLE,,91-487-3261957,Education and healthcare.
Aims Foundation Trust,"Kizhavara, Mangalasseril, Naranganam",Pathanamthitta,vlinemd@gmail.com,NOT AVAILABLE,94463 86117,,Social Work.
AGRAGAMI,"Cultural Centre, Kozhikode",Kozhikode,agragamiinfo@gmail.com,NOT AVAILABLE,91-94973 06009,91-496-2652100,Education and social action.
Agency for Social Action & Development in India,"Alunkal Parambu Bhavan Building, Thuravoor, Cherthala",Alappuzha,asadindiaorg@gmail.com,NOT AVAILABLE,91-99472 64209,,
ALDI – Association for Learning Disabilities,"Nallenkara, Nettissery",Trichur,aldiktm@gmail.com,NOT AVAILABLE,91-944703 36817,91-487-2336817,Child development.
AKOWA,Idukki,Idukki,akowa.mission2005@gmail.com,NOT AVAILABLE,,91-4868-270486,Social welfare.
ALIVE,"1, Sreelakshmi Cottages, Thalassery",Kannur,ak.bhanu@gmail.com,NOT AVAILABLE,91-94477 79389,,A just society where all people are enjoying their rights to lead a dignified life.
All India Nruthya Sangeetha & Natakeeya Kalayalam for Handicapped,"C/o Kollam Nataka Vedi, Anandhavalliswaram",Kollam,,NOT AVAILABLE,,"91-474-793590, 91-474-795041","Disability, Disadvantaged communities, Health"
All Kerala Association of the Deaf,"16, Bus Stand Complex, Kaloor",Kochi,info@keraladeaf.org,NOT AVAILABLE,,91-484-2683467,Welfare of the hearing impaired.
All Kerala Blood Donors Society,"Umasudham, Kalakaumudi Press Road",Thiruvananthapuram,kebs.gensec@gmail.com,NOT AVAILABLE,91-94475 86954,,Blood donor motivation
Anna Heritage Society,"Chalakudy, Trichur",Trichur,babujohn500@gmail.com,NOT AVAILABLE,91-93498 55471,91-480-3294602,Protection and preservation of heritages.
Alzheimer’s & Related Disorders Society of India,"P.O. 53, Kunnamkulam",Kunnamkulam,alzheimr@md2.vsnl.net.in,NOT AVAILABLE,,91-488-523801,Health
Anweshi Women’s Counselling Centre,"State Bank Officers Colony, Chevarambalam",Kozhi Kode,anweshi@eth.net,NOT AVAILABLE,,91-495-2359370,
Ardhratha Fellowship,"Archana, Pazhaya Seminary Road, Chungom",Kottayam,afcharity@gmail.com,NOT AVAILABLE,91-94475 98549,91-481-2566001,"Education, health, women empowerment, child development, old age care etc."
Arafa Charitable Trust,"Pezhakkappilly, Ernakulam",Ernakulam,arafapublicschool@yahoo.com,NOT AVAILABLE,,91-485-2813705,Education
Ashraya – Link to Life,Kollam,Kollam,princeiccc@gmail.com,NOT AVAILABLE,91-94461 40698,91-474-2763739,"Education, mental health, prevention programmes, character solutions."
Asian Trust for Social Development,"Souparnika, P & T Qrtrs Road",Kottayam,gsathyan23@gmail.com,NOT AVAILABLE,,91-481-2570257,Social development
ASACS – Abdurahman Sahib Charitable Society,Malappuram,Malappuram,mhdkattuppara_m@yahoo.co.in,NOT AVAILABLE,,91-493-3268086,
Association for Welfare of the Handicapped,"Post Box No 59, M Square Complex",Calicut,,NOT AVAILABLE,awhclt@sancharnet.in,"91-495-2720434, 91-495-2720028","Child welfare, Health, Rehabilitation, Women’s issues."
Arpan,"Arpan, Derpakadu",Thiruvananthapuram,,NOT AVAILABLE,,91-471-2290080,"Disability, Health, Rehabilitation, Training"
Atma Foundation,"Atma Foundation, Surya Gardens, Paliyam Road",Trichur,atmatrust@gmail.com,NOT AVAILABLE,94009 95232,0487-2325232,"Adolescent Girls Welfare, Advocacy On Social Issues, Anti Drug Campaign, Art And Culture, Awareness Generation, Child Welfare, Community Development, Corporate Social Responsibility, Cultural Heritage., Cultural Issues, Development (General), Education, Health, Human Development, Medical Relief, Ngo Management, Orphanage, Research, Social Awareness, Volunteers, Women Development Welfare, Women’S Issues, Yoga, Youth Individual Empowerment, Volunteer Development, Relationship Empowerment, Pre Marital & Post Marital Guidance, Counselling."
Avisenna Educational & Cultural Association,"South Vazhakulam, Ernakulam",Ernakulam,ameer1814@gmail.com,NOT AVAILABLE,,91-484-2677004,Education.
ATMATA Kendram,"Pastoral Centre, Kottayam",Kottayam,info@atmata.org,NOT AVAILABLE,,91-481-2411819,HIV/AIDS and drug abuse prevention.
Bala Vikas Institute for the Mentally Handicapped,"Gandhi Marg, Opp. Hindustan Latex",Thiruvananthapuram,,NOT AVAILABLE,,91-471-2433646,"Child welfare, Disability, Rehabilitation"
Azad Education & Charitable Society,"Near PV Smaraka, Mandiram",Kannur,softlinecomputer@gmail.com,NOT AVAILABLE,,91-490-2356396,IT Training
Bethel Foundation-Greets Academy,"Ashok Road, Kaloor",Cochin,greets@md2.vsnl.net.in,NOT AVAILABLE,,"91-484-2531214, 91-484-2530201","Aged, Child welfare, Education, Health, Training"
AVS,Idukki,Idukki,,NOT AVAILABLE,,91-486-2362213,"Disadvantaged communities, Environment, Human Rights"
Better World Foundation,"Samruddha Thirtham, Moozhikulam Sala, Kurumassery",Ernakulam,tbwfoundation@gmail.com,NOT AVAILABLE,93884 34123,,"Anti Drug Campaign, Art And Craft, Art And Culture, Awareness Generation, Ayurveda, Child Labour, Child Rights, Child Welfare, Community Development, Consumer Issues, Corporate Social Responsibility, Cultural Heritage."
BGM Social Service Centre,"P.B.2, Neyyardam",Thiruvananthapuram,bgmsocialservice@yahoo.com,NOT AVAILABLE,,91-471-2273267,Development
Bgm Social Service Centre,"Marakkunnam, Neyyardam",Trivandrum,bgmcharity@gmail.com,NOT AVAILABLE,97461 22137,0471-2273267,"Adolescent Girls Welfare, Awareness Generation, Community Development, Development (General), Employment, Environment, Micro-Enterprises."
Bharath Social Service Centre,"Paraniyam, Poovar",Trivandrum,bsscitiparaniyam@gmail.com,NOT AVAILABLE,94003 73978,0471-2260259,Governance Trainig Programmes For The Youth And Women.
Bluemoon Charitable Trust,"Branchoffice Door No. VI/513, 4th Lane Kalpaka Garden Kolazhy",Thrissur,babu.josephvenduruthy@gmail.com,NOT AVAILABLE,91-98952 93963,91-4872-208791,
Bharatheeya Vichara Kendram Research Centre,"Samskriti Bhavan, Thiruvananthapuram",Thiruvananthapuram,vichara@rediffmail.com,NOT AVAILABLE,,91-471-2572575,Financial assisstance for various studies.
Bhoodan Vikas Mandal,"Uppada, Malappuram",Malappuram,bvmnilambur@gmail.com,NOT AVAILABLE,,91-4931-241779,Village development
Catalyst,"Nadapuram, Kozhikode",Kozhikode,catalyst4ndm@gmail.com,NOT AVAILABLE,91-94476 34319,"91-496-2560170, 91-485-2825602, 91-485-2822715",Empower India through social work and awareness programme.
Bhoumik,Thuruvikal,Trivandrum,jojojjose@gmail.com,NOT AVAILABLE,94474 15581,,"Agriculture, Climate Change, Energy, Environment, Forest Management, Forestry, Industry, Information And Communications Technology, Natural Resource Management, Social Awareness, Sustainable Development, Urban Development, Waste Management, Wildlife."
Centre for Development Action,"Vikas Institute, Kanakary",Kanakary,,NOT AVAILABLE,,91-481-2537917,"Health, Rural Development"
Centre for Research & Development Council,"Old G.P.O JN, Trivandrum",Trivandrum,crdctvm@gmail.com,NOT AVAILABLE,91-99614 01444,,"Trainng, research, consultations"
Braille Without Borders Charitable Trust,"Vivekananda Nagar, Ookode, Nemom, Kanthari",Trivandrum,ajith@kanthari.org,NOT AVAILABLE,81298 20819,0471-2392977,Social Work.
Centre for Social Work Research & Practice,"Chungakkunu, Kottiyoor",Kannur,cswrpindia@gmail.com,NOT AVAILABLE,,91-490-2416170,
CARD – Christian Agency for Rural Development,"Marthoma Sabha Office, Thiruvalla",Thiruvalla,card.admin@marthoma.in,NOT AVAILABLE,94477 60931,0469-2600931,Social Work.
Centre for Public Policy Research,"39/717, Rahul Vihar, Karakattu Road",Cochin,cppr@cppr.in,NOT AVAILABLE,,91-484-6469177,
Ch. Charitable Society,"Kodumudi, Valiyakunnu",Valiyakunnu,zulfiker_tp@yahoo.com,NOT AVAILABLE,91-98464 20535,91-494-2620535,
CIGI – Centre for Information & Guidance India,"Golf Link Road, Chevayur",Chevayur,hq@cigi.org,NOT AVAILABLE,,"91-495-2356059, 91-295-2351366",Free guidance & counselling on higher education and career empowerment.
CIRA – Centre for Information Research & Action,"Manaliparambil, Eloor North",Ernakulam,cira.kerala@gmail.com,NOT AVAILABLE,,91-484-6413070,
Centre for Environment & Development,"Thozhuvancode, Vattiyoorkavu",Thiruvananthapuram,ceddir@vsnl.com,NOT AVAILABLE,,91-471-2369720,"Research and development, consultancy and training"
Community Project Centre,"Vellanad, Trivandrum",Trivandrum,,NOT AVAILABLE,,,"Education, Employment, Health, Poverty"
Brahmasree Subhananda Darmadwaraka Ashramom Trust (BSDA TRUST),"Vazhapalli, Neduvanvila, Parassala",Thiruvananthapuram,bsdatrust@gmail.com,NOT AVAILABLE,94471 26801,0471-2129801,"Education, Food And Nutrition, General – Social Welfare, Health, Medical Relief, Poverty, Self Help Groups."
Community Development Forum,"Mukkattukara, Nettissery",Thrissur,cdfthrissur@gmail.com,NOT AVAILABLE,91-94472 28686,91-487-2373809,Youth development.
Council of People Living with HIV/AIDS of Kerala,"First Floor, Manjooran’s Building, Opp. St. Antony’s Church, Bank Road, Kochi, Ernakulam,",Kaloor,cpkplus@gmail.com,NOT AVAILABLE,,91-484-4025398,
Community Welfare Centre,"Prem Deep Building, Kulavara Lane",Thiruvananthapuram,,NOT AVAILABLE,,91-471-2458368,"Poverty, Rural Development"
COSMOS,Kollam,Kollam,rajesh_cosmos@yahoo.com,NOT AVAILABLE,91-94971 34505,,"Improve sanitation, health, drinking water facilities in urban areas & improve socio economic status."
CRSJS – The Civil Rights & Social Justice Society,"F-2, Tagore Nagar",Trivandrum,cr_sjs@yahoo.co.in,NOT AVAILABLE,91-98460 23112,,Human rights.
Counil For Technical Education,"K J Building, Mandapam, Puthoor, Kottarakara",Kollam,sunil2balan@gmail.com,NOT AVAILABLE,94977 71392,,Education.
DACES – Dr Ambedkar Cultural & Educational Society,Thiruvananthapuram,Thiruvananthapuram,daceskerala@gmail.com,NOT AVAILABLE,,91-471-2445414,Cultural and educational upliftment of socially and educationally backward communities.
Darsan Foundation,Karunagappally,Karunagappally,darsankply@yahoo.com,NOT AVAILABLE,,91-476-2631373,Rural development
Darsana Samskarika Kendram Vesala,"Chattukapara, Koodali",Kannur,madhudarsana@yahoo.com,NOT AVAILABLE,,91-490-2487051,Upliftment of the rural people.
Deena Dayal Sevak Sangh,"Delta Arcade, Market",Ernakulam,deenadayalsevaksangh@yahoo.com,NOT AVAILABLE,91-99460 25473,,To conserve natural resources.
Daya Charitable Trust,"8/375, Kavasserykolumbu, Verkoli",Palakkad,dayacharitabletrusts@gmail.com,NOT AVAILABLE,98460 46004,0402573939,"Hiv/Aids, Mentally Handicapped Persons, Physically Disabled."
Cultural Youth Centre,"Muthur, Malappuram",Malappuram,riyas_grd@yahoo.co.in,NOT AVAILABLE,91-99952 20684,,Youth development
Discovery Boys Arts,"Akkulam Road, Prasanth Nagar",Sports & Cultural Club,discoveryboysclub@gmail.com,NOT AVAILABLE,91-90377 52471,,
Cod- Centre For Overall Development,"Matha Tower, Thamarassery, Calicut",Kozhikode,codtmsy@gmail.com,NOT AVAILABLE,94475 44184,,"Sustainable Development In Agriculture, Agricultural Marketing, Watershed Management."
Charitable Trust for De-Addiction & Rehabilitation,"217/2004, Poomala",Thrissur,punarjanipoomala@yahoo.com,NOT AVAILABLE,91-97472 01015,91-487-2208304,De addiction and rehabilitation of alcoholics
DISA – Santhigiri Ashram,"State Nodal Centre, Dhanya Remya Theatre Road",Thiruvananthapuram,santhigirisnc@gmail.com,NOT AVAILABLE,91-92494 22026,91-471-6459390,Development initiatives.
Dharmagiri Vikas Society Social & Family Welfare Centre,"Kothamangalam, Thankalam",Ernakulam,dhvks@rediffmail.com,NOT AVAILABLE,91-94479 14622,"91-485-2822562, 91-485-2823721","Education, health, women empowerment, child development, rural development, disability, tribal development."
CEVA – Cyriac Elias Voluntary Association,"CEVA Bhavan, Monastery Road, Ernakulam",Kochi,cevakoci@vsnl.com,NOT AVAILABLE,,"91-484-2380862, 91-484-2373990","Development(General), Education, Gender, Grants/Aids, Health, Indigenous Knowledge, Livelihood, Rural Development, Women’s issues"
Don Bosco Sneha Bhavan,"Palluruthy, Cochin",Cochin,,NOT AVAILABLE,,"91-484-2231393, 91-484-2232856",Child welfare
Erikkalavila Vanitha Sangham,"6/123, Erikkalavila, Poovar",Trivandrum,ekvanitha_36@yahoo.co.in,NOT AVAILABLE,,91-471-2317642,
Dr. Ambedkar Sevak Samaj,"Pampady, Kottayam",Kottayam,"dr.ambedkarsevaksamaj@gmail.com, n.j.prasad1@gmail.com",NOT AVAILABLE,91-94470 06275,91-481-2506275,Dalit improvement.
Earth and Planetary System Science Consortium,"Mariyamman Temple, Chuttupadukara",Cochin,madhusoodanan@gmail.com,NOT AVAILABLE,,91-484-2344481,Research
ESKKR – Effective Social Work Kind Knowledge for Revolution,Nilambur,Nilambur,vahidnbr@yahoo.com,NOT AVAILABLE,,91-4931-255622,President
Faith India Welfare Trust,"Thiruvananthapuram, Nemom",Nemom,fathindiawelfare@gmail.com,NOT AVAILABLE,91-94953 76599,,
FHEP – Federation for Heritage & Environment Proection,"Nr. SM Nagar, 231, Sasthamangalam",Thiruvanathapuram,cmdfhep@gmail.com,NOT AVAILABLE,,91-471-6543936,Environment proection.
Divya Karunya Ashram Charitable Trust,"Chundakkunnu, Oduvally",Oduvally,dka2000@rediffmail.com,NOT AVAILABLE,,91-4602-251246,Rehabilitation centre for Pshychiatric patients.
Flory Trust,"R.V Clinic Road, Room 3",Palakkad,florytrustpkd@gmail.com,NOT AVAILABLE,91-94464 14017,91-491-2524303,"Powerty elevation, sustainable development."
Fishermen’s Development Programmes & Studies Centre,"Pratheeksha Bhavan, General Hospital Jn",Trivandrum,,NOT AVAILABLE,,91-471-2445877,Development(General)
Foundation For Annam Charity Ease,"1st Floor, Esmail Estate, Kuttapai Road, High Cour Jn",Ernakulam,annamcharity@gmail.com,NOT AVAILABLE,99950 97123,0484-404443,"Food And Nutrition, Poverty."
Expressions India Society,"GRA 777-A, Gowreeshapattom",Thiruvanathapuram,kourvenu@gmail.com,NOT AVAILABLE,,91-471-2557555,Awareness programs.
Ernakulam Merchant’s Union,"Merchant’s Union Buildings, P.B. No. 1101, Ernakulam Merchants’ Road",Kochi,,NOT AVAILABLE,,91-484-2355562,"Development(General), Trade"
Friends Of Nature And Environment,Sasthamangalam,Thiruvananthapuram,suneeth2u@gmail.com,NOT AVAILABLE,95444 10055,,"Agriculture, Awareness Generation, Child Labour, Climate Change, Community Development, Cow Protection Centre (Goushala), Cultural Heritage., Cultural Issues, Environment, Forest Management, Forestry, General – Social Welfare, Human Rights, Natural Resource Management, Plantation, Pollution, Poverty, Sustainable Development, Waste Management, Water, Wildlife."
Educational & Socio-Economic Action Council,"Anoupacharika Vidyabhyasa Sasthra Vikasna Bhavan, Pariyaram",Kannar,,NOT AVAILABLE,,91-497-2800933,"Health, Rural Development"
Future India Foundation,"Chandrakantham, Vattiyoorkavu",Trivandrum,vChandran@hotmail.com,NOT AVAILABLE,91-94953 11356,,Social development initiatives.
Forest Watch,"337, Ward-18, Edavaka, Ayilamoola, Mananthavady",Wayanad,antonypulahannan@gmail.com,NOT AVAILABLE,"98868 87131, 80257 17856",,"Animal Welfare, Environment, Forest Management, Forestry, Tribal Development, Tribal Issues Aims At Working Hand In Hand With Forest Department To Protect Forests And Wildlife."
Gandhi Bhavan International Trust,"Gandhiji Nagar, Kundayam, Pathanapuram",Kollam,gandhibhavan@gmail.com,NOT AVAILABLE,82813 67390,0475-2355573,"Child Rights, Child Welfare, Community Development, Disability, Disadvantaged Communities, Education, General – Social Welfare, Health, Legal Awareness, Library."
Galaxy,"Galaxy, Vellanad",Trivandrum,galaxytvpm@gmail.com,NOT AVAILABLE,99958 53075,0472-2883856,"Social Awareness, Traditional Health, Training, Tribal Development, Waste Management, Water The Only One Psycho Social Ngo In Kerala."
Foundation for Educational Innovations in Asia,"PB No. 13, Sulthan Bathery",Sulthan Bathery,,NOT AVAILABLE,,91-493-2621080,
Gangothri Charitable Cultural and Educational Trust,Nemmara,Nemmara,gangothritrustpkd@gmail.com,NOT AVAILABLE,94478 40572,04923-243189,Social Work
Grama Vikasana Seva Samiti,"K 12/94, Kottayam",Kottayam,kdsktm@sify.com,NOT AVAILABLE,,91-482-2250016,"All comprising development at the social, economic, agricultural, industrial, health, educational."
Gandhi Smaraka Grama Seva Kendram,"Gandhi Smarak Grama Seva Kendram, Kasaragod",Karadka,,NOT AVAILABLE,,91-499-2460080,"Agriculture, Disability, Disadvantaged communities, Micro-enterprises, Poverty, Women’s issues"
Gemmological Instute of South India,"Gisi Building, Kannur Road",Calicut,gisicalicut@yahoo.com,NOT AVAILABLE,,91-495-2546095,Creating Job Opurtunity In Gem and Jewelery Sector
GRAMAVAANI,"Mappilakolumbu, Nanniode",Vandithavalam,gramavaani@gmail.com,NOT AVAILABLE,91-93878 08735,,Promoting rural life status.
Habitat Technology Group,"Pushpavanam Lane, Poojappura",Thiruvananthapuram,habitat@md3.vsnl.net.in,NOT AVAILABLE,,"91-471-344904, 91-471-344977",
Dyuthi Society for Community Development & Research,"Jolly Bhavan, Chemmanathukara, Vaikom",Kottayam,dcdr@ymail.com,NOT AVAILABLE,,91-98479 96647,
Group Endeavour for Environment & Nature Sustenance,"Sree Vihar, E-69, Sastri Nagar, Karamana",Thiruvananthapuram,,NOT AVAILABLE,,91-471-344833,"Environment, Forestry"
Handloom Weavers Development Society,"Thumpodu, Balaramapuram",Thiruvananthapuram,tvn_hlwds@sancharnet.in,NOT AVAILABLE,,"91-471-24402927, 91-471-2225192",
Gramabharathi Rural Development Foundation,"Near Aryabharathi High School, Omalloor",Pathanamthitta,keralaagronews@gmail.com,NOT AVAILABLE,82811 92913,0468-2355568,"Agriculture, Ayurveda, Child Welfare, Employment, Health, Herbal Medicine, Industry, Media, Plantation, Rural Development, Tribal Development, Women Development/Welfare Beekeeping For Polination Support Of Agriculture Development."
Friends of Patient,"Neerkunnam, Alappuzha",Alappuzha,friendsofpatient@gmail.com,NOT AVAILABLE,91-94957 78257,,Health
Habel Foundation,"Pariyaram, Pathanamthitta",Pathanamthitta,samuel_habelfoundation@yahoo.com,NOT AVAILABLE,,91-4752-230159,
Helpline Charitable Society,"M.R.A 55, Red Cross Road",Trivandrum,helplineccc@gmail.com,NOT AVAILABLE,91-94470 12385,91-471-2303033,To be done social work.
Health Action by People,"Opp. Mutharamman Kovil, Trivandrum",Trivandrum,crsoman@vsnl.com,NOT AVAILABLE,,"91-471-472335, 91-471-448048",Health
Indian Council of Social Welfare,"Rajagiri College of Social Sciences, Rajagiri, Kalamassery",Cochin,icswkerala@gmail.com,NOT AVAILABLE,,91-484-4111358,Social welfare
Indian Psychosocial Service Society,"Indian Psycho-social Service Society, Vettuthura",Trivandrum,,NOT AVAILABLE,,91-471-2420567,"Health, Rehabilitation, Training"
Highrange Environmental Agriculture and Tourism Development Society,"Church Junction, Mankulam",Idukki,heatdsngo@gmail.com,NOT AVAILABLE,94473 65143,,"Adolescent Girls Welfare, Agriculture, Animal Welfare, Anti Drug Campaign, Awareness Generation, Ayurveda, Cancer Patients Help, Child Labour, Child Rights, Child Welfare, Climate Change, Community Development, Consumer Issues, Development (General), Disaster Management, E-Governance, E-Learning, Education, Employment, Energy, Environment, Food and Nutrition, Forest Management, Forestry."
ICERDS – Integrated Cultural Educational & Rural Development Society,"Kt Complex, Iritty",Kannur,icerds@gmail.com,NOT AVAILABLE,91-94970 51329,"91-490-2490077, 91-490-2490088, 91-490-2490099","Energy saving, water saving, gas saving, health care, old age care, youth development, womens development."
Information Technology Entrepreneurship Development Society,"Santha Bhavan, HSS Road, Kazhakuttom",Trivandrum,prisal5@yahoo.com,NOT AVAILABLE,,91-471-2414575,
Institute for Enterprise Culture & Entrepreneurship Development,"Snehapuri, Karumom",Thiruvananthapuram,Info@iecedkerala.org,NOT AVAILABLE,91-93877 35737,"91-471-2493783, 91-471-2164180",Promote enterprise culture and entrepreneurship development in Kerala.
Indian Institute of Emergency Medical Services,"Noya Plaza, Above Catholic Syrian Bank, Kalathipady, Vadavathoor",Kottayam,ranjan@iiems.org,NOT AVAILABLE,,"91-481-2577559, 91-481-3260911",
Institute of Applied Dermatology,"Nayaks Road, Kasaragod",Kasaragod,iadorg@satyam.net.in,NOT AVAILABLE,,91-4994-230116,Health systems research and development .
IRDS – Integrated Rural Development Society,"Kuravilangad, Kottayam",Kottayam,irdssociety@rediffmail.com,NOT AVAILABLE,91-94470 23030,91-4822-230303,
ISHO – Indian Students Health Organisation,"311-O, Delta Arcade, Market P.O., Vellorkunnam, Muvattupuzha",Ernakulam,ishorg@googlemail.com,NOT AVAILABLE,91-94475 79107,91-485-3299923,"Health, rural development."
Institute of Geriatric Medicine & Palliative Care,"Thrichattukulam, Alappuzha",Alappuzha,drramaChandranck@gmail.com,NOT AVAILABLE,,91-478-3210987,
ITDEC – Information Technology Development & Education Council,"Makam, College Road, Neeramankara, Kaimanam",Thiruvananthapuram,itdecindia@gmail.com,NOT AVAILABLE,,91-471-3226147,Any purpose
ITEC – Information Technology Education Council,"Dharmalayam Road, Thiruvanathapuram",Thiruvanathapuram,sajuitec@gmail.con,NOT AVAILABLE,,91-471-3012503,IT education.
Jawaharlal Nehru International Foundation,"Parankimam Vila, Perungalloor",Kollam,shajua50@hotmail.com,NOT AVAILABLE,,91-475-2292044,Development(General)
Jawaharlal Memorial Social Welfare Public Co-operation Centre,"Thalayolaparambu, Kottayam",Kottayam,,NOT AVAILABLE,,91-482-2636175,"Child welfare, Health, Sanitation, Training, Women’s issues"
Jeevan Foundation,"Pularkalayil Building, Kottayam",Kottayam,shaji.mathew671@gmail.com,NOT AVAILABLE,,91-4829-248012,Total community development.
Jeevankiran,"39/3008, Chaithanya, Devi Colony",Ernakulam,jeevankiran08@gmail.com,NOT AVAILABLE,91-94460 72787,,Lighting up society for new generations.
Jeevansneha Charitabile Trust,"Karuvatta, Alappuzha",Alappuzha,geevansneha03@gmail.com,NOT AVAILABLE,91-93889 13453,,Rural development.
Indira Gandhi Charitable Foundation,"Vimalapuram Road, Thachottukavu",Thiruvanathapuram,igcf123@yahoo.co.in,NOT AVAILABLE,91-94462 85117,91-471-2285596,Upliftment of the community
Indira Gandhi National Foundation,"8, Gowreesha Pattom, Pattom Palace",Thiruvananthapuram,info@indiragandhifoundation.org,NOT AVAILABLE,,"91-471-2444410, 91-471-2444456, 91-471-3990224",Women empowerment.
Jubba Ramakrishna Pillai Foundation,"Chavara, Kollam",Kollam,jubbafoundation@ymail.com,NOT AVAILABLE,91-93870 66664,,
Jyothinivas Charitable Society,"Wayanad, Kalpetta",Kalpetta,jyothinivaswayanad@gmail.com,NOT AVAILABLE,,"91-4936-247615, 91-4936-246707",Mental health related activities
Jananeethi,"P.B.8, Mannuthy",Thrissur,gpneethi@sancharnet.in,NOT AVAILABLE,,"91-487-2373479, 91-487-2373281","Free legal aid and human rights activities, research and development."
Joint Women’s Programme,"Joint Women’s Programme, P.O.1847",Trivandrum,rvi@md3.vsnl.net.in,NOT AVAILABLE,,"91-471-2450443, 91-471-2450541","Development(General), Education, Law, Women’s issues"
Kairali Mahila Samajam,"Chemmannuvila, Panachamoodu",Panachamoodu,kairalisamajam09@yahoo.com,NOT AVAILABLE,,91-471-2242610,"Health, Sanitation, Women’s issues"
Kanhangad Muslim Orphanage,"Kottaachery, Near Railway Station, Kanhangad",Kasargod,onlykmorphanage@gmail.com,NOT AVAILABLE,"919895 53958, 91-98955 39589","91-4672-203111, 91-4672-218111",orphanage
JVALA – Joint Voluntary Action for Legal Alternatives,"Kalpetta North, Wayanad",Wayanad,jvala@rediffmail.com,NOT AVAILABLE,,91-4936-206036,Child rights and adivasi women empowerment.
Karayil Yuvajana KalaSamiti,"Yuvavikas Kendra, Payyanur",Kannur,yuvavikaskendra@gmail.com,NOT AVAILABLE,91-94474 82816,"91-4985-202157, 91-4985-202816",Financial assistance.
Kerala Association for Non-Formal Education & Development,"Saksharatha Bhavan, Vazhuthacaud",Thiruvananthapuram,,NOT AVAILABLE,,91-471-65962,Education
Global Ayurvedics Centre for Traditional Healthcare & Responsible Tourism,"Near Police Station, Kaniyambetta",Kaniyambetta,globalayurvedics@gmail.com,NOT AVAILABLE,,91-4936-284440,"Promote traditional healthcare, traditional knowledge, and responsible tourism."
Kerala Grama Nirmana Samiti,"Sevamandir, Ramanattukara",Kozhikode,kgns.sevamandir.ramanattukara@gmail.com,NOT AVAILABLE,,91-495-2442815,Net work of NGOS of malabar area.
Kerala Federation of the Blind,"Kunnkuzhy Post, Trivandrum",Trivandrum,tvm-kfbtvpm@sancharnet.in,NOT AVAILABLE,,91-471-304993,
Kerala Rural Development Association,"Puthiyakavu, Pattanakkad",Pattanakkad,,NOT AVAILABLE,,91-478-2545562,Rural Development
KAIROS,"Burnasserry, Kannur",Kannur,kairosknr@yahoo.co.in,NOT AVAILABLE,,91-497-2712535,Create a society of justice and peace based on true human values.
Kerala Rural Development Society,"T-1158/98, R/U Travancore, Thiruvananthpuram, Chenkal",Cochin,,NOT AVAILABLE,,91-471-2223321,"Child welfare, Environment, Health, Human Rights, Minorities, Rural Development"
Kerala Hotel & Restaurant Association,"KHRA Bhavan, Kochi",Ernakulam,khra87@gmail.com,NOT AVAILABLE,,91-484-2366602,
Kerala Sastra Sahitya Parishath,Kozhikode,Kozhikode,gskssp@gmail.com,NOT AVAILABLE,,91-495-2701919,Science propagation.
Kerala Institution for the Blind,"Alppara, Kannara",Thrissur,keralainstitutionfortheblind@yahoo.com,NOT AVAILABLE,,91-487-2283002,"Agriculture, Art and culture, Child welfare, Disability, Disadvantaged communities, Education, Employment, Grants/Aids, Training, Women’s issues"
Kerala State Agriculture Labourers Development Society,"Usra 27, Mulagupotta, Behind K.S.E.B.",Thiruvananthapuram,keralastatealds61@yahoo.com,NOT AVAILABLE,91-93606 59413,,Development of agriculture labourers and their family members.
Kerala Association for Social & Women’s Welfare,"Mupparayil Building, Vellayittambalam",Kollam,kaswwkollam@hotmail.com,NOT AVAILABLE,,91-474-2795740,"Child welfare, Disability, Education, Health, Rehabilitation, Women’s issues"
Kerala Social Service Forum,"Amos Center, Adichira, Thellakom",Kottayam,kssforum@yahoo.com,NOT AVAILABLE,91-94470 77438,91-481-2594802,Networking and Coordination
Kerala Sastra Sahitya Parishad,"Parishat Bhawan, Guruvayoor Road, Thrissur",Thiruvananthapuram,,NOT AVAILABLE,,"91-487-381084, 91-487-380281","Development(General), Science and Technology"
Khadi and Village Industries Foundation of India,"565, Cochin",Cochin,khadiclub@yahoo.co.in,NOT AVAILABLE,91-93884 72311,,Khadi Propagation
Kerala Voluntary Health Services,"Collecterate, Mullankuzhy",Kottayam,keralavhs@yahoo.co.in,NOT AVAILABLE,,91-481-2572781,
Kidset Pair Kerala,Calicut,Calicut,kidset@gmail.com,NOT AVAILABLE,91-99618 90890,,
Kidset Charitable Trust,"1/4403-B, Bilathikulam",Calicut,kidset@gmail.com,NOT AVAILABLE,,,
Kottoor Mundany Madan Thampuran Temple Trust,"Kottoor, Trivandrum",Trivandrum,vinodkumarkottoor@gmail.com,NOT AVAILABLE,,91-472-2850085,Tribal people upliftment.
Kottoor Social Welfare Society,"KSWS Bhavan, Kozhikode",Kozhikode,swskottoor@yahoo.co.in,NOT AVAILABLE,,91-496-3205810,
Kizhakkukara Mahila Samajam,"Manvila, Kulathur",Thiruvananthapuram,ammukuttygeorge@ymail.com,NOT AVAILABLE,91-94471 19960,91-471-2595534,"Women empowerment, child development"
Kripa Foundation,"Kripa, Mananakku, Perumkulam",Thiruvananthapuram,kripafoundation07@gmail.com,NOT AVAILABLE,91-94472 21421,,Service oriented.
Kothamangalam Social Service Society,"Bishop’s House, Kothamangalam",Ernakulam,ksss@ksssonline.org,NOT AVAILABLE,91-94473 62034,91-485-286292,Micro finance
Kaippatta Habel Foundation,"Pariyaram, Pathanamthitta",Pathanamthitta,samuel_habelfoundation@yahoo.com,NOT AVAILABLE,91-99612 82137,,To know about grant.
LANDMARK,"Vaniyanvalappil, Kanikunnu, Kuppam, Tpba",Kannur,doctorkamalesh@gmail.com,NOT AVAILABLE,91-93876 40785,,
KERDS – Kerala Rural Development Society,"Mangalakkal, Amachal, Kattakkada",Thiruvananthapuram,kerdsociety@yahoo.co.in,NOT AVAILABLE,91-99460 88444,91-471-2291187,Micro finance institution
Life & Light Charitable Society,"Life & Light, Kattuvelil Buildings, Kuttoor, Tiruvalla",Pathanamthitta,lifeandlight2010@gmail.com,NOT AVAILABLE,"91-98477 04757, 91-99470 18587",91-469-2656236,"Social welfare, education, health, community development, women empowerment, welfare of children."
Kozhikode Jilla Upabhothru Vidyabhyasa Samithi,"Karthika, Illiappil Paramba, Chevayoor",Kozhikode,piajayankarthika@gmail.com,NOT AVAILABLE,94464 07893,0495-2357893,"Consumer Issues, Development (General), Environment."
Madhuvanam Sri Sathya Sai Trust,"Madhuvanam, Puliyarakonam",Trivandrum,contact@madhuvanam.org,NOT AVAILABLE,,91-471-2378001,Rural welfare
Mahatma Centre for Development & Research,"PB No.30, Additional Bus Stand Complex",Cochin,mahatmacdr@gmail.com,NOT AVAILABLE,,91-485-6451892,Working for social oriented activities.
Mahatma Mission,"Mahatma College, Soorya Nagar",Vadakkencherry,krbhar@rediffmail.com,NOT AVAILABLE,91-90375 30890,91-4922-259755,"Education, child development."
Lifetree Foundation,"Amburans Building, Erayilkadavu Road",Kottayam,lifetree_ind@yahoo.com,NOT AVAILABLE,91-94477 03408,,"Tribal education, development, community, school, alternative tribal school, training and research in education."
Malabar Vikasana Vedi,"Thalassery, Kannur",Kannur,vikasanavedi@yahoo.com,NOT AVAILABLE,91-94477 42247,,Development.
Kerala Urban Development Society,"1st Floor, T.K. Towers, Pullepady Cochin",Kochi,anuptj@gmail.com,NOT AVAILABLE,91-95440 44440,,To be a facilitator for transforming Ker.ala into a well planned Urban Habitat.
KVS – Kuttanadu Vikasana Samiti,"Ramankary, Alappuzha",Alappuzha,peelianickal@gmail.com,NOT AVAILABLE,91-94473 01086,"91-477-2703624, 91-477-2704158",Community development and social welfare.
Manarcadu Social Service Society,"CSI Commecial Centre, Kottayam",Kottayam,biju@plantrich.com,NOT AVAILABLE,,91-481-2303277,Organic farming.
Mangalam Kalasahithya Vedi,"Old Panchayath, Palakkad",Palakkad,"mksvppmunit@gmail.com, mksvppmunit@sify.com",NOT AVAILABLE,,91-491-2800608,Social service
Mano Vikas,"Manovikas, Palliserikkal",Kollam,manovika@md3.vsnl.net.in,NOT AVAILABLE,,91-476-2830802,"Child welfare, Disability, Rehabilitation"
Margadeepthi Charitable Trust,"Kacherimedu, Palakkad",Chittur,pjayapalamenon@yahoo.co.in,NOT AVAILABLE,,91-491-2510527,Mental health
MGM Charitable Trust,"Chittumala, East Kallada",Kollam,mgmcharitable_trust@yahoo.co.in,NOT AVAILABLE,91-94477 81941,91-474-2585241,Old age home.
Muslim Cultural Foundation,"P.B No.71, By Pass Road",Wayanad,salimcf@rediffmail.com,NOT AVAILABLE,,91-4936-275026,"Orphan care, education and other charity programmes."
Muziris Yachting Club,"IX/ 535B, Beach Road, Cherai",Eranakulam,muzirisyc@gmail.com,NOT AVAILABLE,91-94477 66450,91-484-2341806,"To bring development, cultural improvement and find ways of living for downtrodden people."
Mahilamandiram,"Mahilamandiram, Central Jail Compound",Trivandrum,,NOT AVAILABLE,,91-471-2446040,"Child welfare, Rehabilitation, Women’s issues"
Mythri Vanitha Sangham,Thiruvananthapuram,Thiruvananthapuram,mythrivanithasangam@gmail.com,NOT AVAILABLE,,91-471-2332494,Prevention of HIV/AIDS
National Centre for Research & Development,"Ramankulangara, Thirumullavaram",Kollam,ncrdkollam@gmail.com,NOT AVAILABLE,,91-474-2790005,for all information
Loyola Extension Services,"Sreekariyam, Trivandrum",Trivandrum,les@md2.vsnl.net.in,NOT AVAILABLE,,"91-471-2595097, 91-471-2591760","Child welfare, Development(General), Poverty, Rural Development, Sustainable Development, Tribal issues, Urban Development, Women’s issues"
National Industries Society,"Thazhamel, Market Junction",Kollam,ngocharityservice@gmail.com,NOT AVAILABLE,,91-475-2277795,Social development.
National Women’s Welfare Centre,"Vanithabhavan, Ariyancode",Thiruvananthapuram,,NOT AVAILABLE,,91-471-2255209,"Disadvantaged communities, Human Rights, Tribal issues"
Neyyattinkara Integral Development Society,"Vazhuthoor, Neyyattinkara",Trivandrum,,NOT AVAILABLE,,91-471-2220180,"Agriculture, Child welfare, Disadvantaged communities, Health, Labour, Women’s issues"
Nanma Samskarikavedi,"Santhosh Bhavan, Punnamada",Alappuzha,tomsantony@yahoo.com,NOT AVAILABLE,91-94472 32512,,
NAMASH – National Association for Mental & Social Health,"Saly’s Hospital Building, Kalamassery",Ernakulam,,NOT AVAILABLE,,91-484-2532487,"Health, Rehabilitation, Training"
NRDS,Pathanamthitta,Pathanamthitta,,NOT AVAILABLE,,91-473-312259,"Rural Development, Sanitation, Sustainable Development, Women’s issues"
Nrural Development Foundation,"7/825(8), Maruthankuzhy, Opp. Udayanoor Temple, Kanjirampara",Trivandrum,lathamenon@gmail.com,NOT AVAILABLE,91-99472 70948,,"Rural development, women empowerment, child and old age protection."
Ntharakan & Associates,"Theveruparambil, Ettumanoor",Kottayam,nettotharakan@gmail.com,NOT AVAILABLE,,91-481-2534372,Community welfare.
Oleena Mahila Samajam,"Gisi Building, Kannur Road, Eranhipalam",Calicut,oleenams@yahoo.co.in,NOT AVAILABLE,91-98467 21713,91-495-4040442,Upliftment of underpriviliged
Lead Foundation,"Vazhoor, Nedumavu",Kottayam,leadf2014@gmail.com,NOT AVAILABLE,"94471 97225, 94973 22202",,"Anti Drug Campaign, Blindness, Cancer Patients Help, Child Rights, Child Welfare, Community Development, Corporate Social Responsibility, Disability, Disadvantaged Communities, Education, Library, Medical Relief, Mentally Handicapped Persons, Ngo Management, Old Aged Welfare, Peace, Physically Disabled, Poverty, Rehabilitation, Rural Development, Self Help Groups, Social Awareness, Training, Volunteers, Waste Management, Water, Women Development/Welfare, Yoga, Youth Special Residential Caring & Training To Weak Children 5-12 Class Students."
Mythri Charitable Trust,"Mythri Mandiram, Calicut",Calicut,pccraja@yahoo.com,NOT AVAILABLE,,91-495-2330234,Child development
NIEDS,"Irinjalakuda, Trichur",Trichur,,NOT AVAILABLE,,91-480-2830500,Extension of area of operation.
Painavu Development Society,"Painavu, Painavu",Idukki,kailas326@yahoo.in,NOT AVAILABLE,91-94479 80163,91-486-2232313,Rural development
P.T.M. Charitable Foundation,"Maruthoorkonam, Kottukal, Balaramapuram",Thiruvananthapuram,,NOT AVAILABLE,,91-471-2267420,"Education, rural development, social welfare."
NOCER – National Organisation for Consumer Education & Research,"NOCER India, Payam",Payam,nocermathew@yahoo.com,NOT AVAILABLE,,91-490-2491475,"Consumer issues, Human Rights, Information and Communications Technology, Women’s issues"
Padua Social Centre,"Pauda Social Centre, Villa Padua Ashram",Trivandurm,,NOT AVAILABLE,,91-471-2500378,"Disadvantaged communities, Education, Health, Women’s issues"
Payyavoor Community Development Project,"Payyavoor, Sreekandapuram",Kannur,pcdproj@yahoo.com,NOT AVAILABLE,91-94956 46687,91-4602-210712,
PC Foundation,"15/167, Aysha House, Kuttayi",Malappuram,pcfoundation.kty@gmail.com,NOT AVAILABLE,91-98465 03307,,"Rural development, education, relief, health."
Peoples Action,"Vrindavan Housing Colony, MF 4, 310, Pattom",Trivandrum,peoplesaction08@gmail.com,NOT AVAILABLE,91-94478 91716,,"Agriculture, women, child development, environment."
Perumattam Educational and Cultural Efforts – Peace,"Peace, Perumatam, Puthuppady, Muvattupuzha",Ernakulam,peaceperumattam@gmail.com,NOT AVAILABLE,99465 10875,,"Advocacy On Social Issues, Community Development, Cultural Issues, Development (General), Disadvantaged Communities, Employment."
Perumbavoor Foundation,"K M Tower, Perumbavoor",Ernakulam,perumbavoorfoundation@gmail.com,NOT AVAILABLE,94468 14234,0484-3294727,"Advocacy On Social Issues, Awareness Generation, Ayurveda, Cancer Patients Help, Child Labour, Child Rights, Child Welfare, Climate Change, Consumer Issues, Development (General), Environment, Fair Trade, Forest Management, Forestry, General – Social Welfare, Governance, Health, Human Rights, Indigenous Knowledge, Law, Legal Awareness, Livelihood, Local Administration, Micro-Enterprises, Plantation, Poverty, Self Help Groups, Sex Workers Welfare, Social Awareness, Training, Volunteers, Waste Management, Women Development/Welfare, Women’S Issues, Yoga, Youth."
Patharam Educational & Cultural Society,"Q 79/75, Nandanam Sooranadu",Sooranadu,,NOT AVAILABLE,,91-476-2851206,"Art and culture, Education, Grants/Aids, Rural Development, Science and Technology, Women’s issues"
PKV Centre for Human Development & Cultural Affairs,"Kidangoor, Kottayam",Kottayam,anil1gnair@gmail.com,NOT AVAILABLE,91-94473 67201,,
Plan Earth,"1042, Ernakulam",Ernakulam,planatearth@gmail.com,NOT AVAILABLE,91-98461 44806,,Promotion.
Planet Kerala,"St. Mary’s Building Complex, Pattom",Trivandrum,planetkerala@rediffmail.com,NOT AVAILABLE,,91-471-3295944,Promotion participation in governance and development.
PK Neelakantapillai Memorial Trust,"Chadaya Mangalam, Kollam",Kollam,drcpratheep@gmail.com,NOT AVAILABLE,91-94474 94811,91-4740-2475038,Education
Pouravakasha Samrakshana Council Kerala,"Adinadu South, Kattilkadavu",Kollam,keralakspsc@gmail.com,NOT AVAILABLE,94461 53096,0476-2626835,Social Work.
Open Knowledge Society,"XX/23, Akkara",Angamaly,contact@oksociety.org,NOT AVAILABLE,,,Open access to knowledge.
Prakruthi Jeevana Charitable Trust,"paddykadav, Karamel, Annur",Kannur,prakruthi-pnr@yahoo.com,NOT AVAILABLE,91-94474 38627,91-4985-202702,"Education, health, agriculture, child devolopment, disability, rural devolopment, environgment, water"
Prakambanam Kala Sahithya Vedi- Prakambanam Educational Charitable Trust,"Podikkundu, Pallikunnu",Kannur,prakambanam@gmail.com,NOT AVAILABLE,98953 12795,0497-2748100,"Art And Culture, Awareness Generation, Ayurveda, Cancer Patients Help, Child Labour, Community Development, Cultural Issues, Education, General – Social Welfare, Hiv Aids, Human Development, Mentally Handicapped Persons, Women Development Welfare."
Pattom Thanu Pillai Memorial Charitable Foundation,"Maruthoorkonam, Trivandrum",Trivandrum,shyam7009@rediff.com,NOT AVAILABLE,,91-471-2267420,Education
Pragati Gramin Vikas Sanstha,"Santhigiri, Thiruvananthapuram",Thiruvananthapuram,santhigirinewdelhi@gmail.com,NOT AVAILABLE,,91-471-2419313,Charitable institution.
Priya Darshini Centre,"Angadippuram, Malappuram",Malappuram,priyadarshinicentre@gmail.com,NOT AVAILABLE,91-99466 28780,,Social welfare.
Prathyasa Charitable Trust,"Haritha Nagar,",Palakkad,prathyasa@gmail.com,NOT AVAILABLE,91-94478 34941,,To serve the poor
Prathyasha Foundation,"44/831, Niviya Nagar, L.F.C. Road",Kochi,info@prathyashafoundation.org,NOT AVAILABLE,,91-484-2536314,Welfare of the differently abled in India.
Overseas Hindu Royal Society,"C/o K.G.Venugopal, Chemboor Chambers, American Institute Building, Vanchiyoor",Trivandrum,shibu_sl@hotmail.com,NOT AVAILABLE,91-94951 53874,91-471-2255640,Eradicate caste system.
Pattikajathi Kshema Samiti,"Manjoor, Kottayam",Kottayam,scworg@gmail.com,NOT AVAILABLE,91-90377 73834,,
Progressive Thinkers Forum,"Progressive Thinkers Forum, Sep-23",Kuttichal,,NOT AVAILABLE,,,"Development(General), Media"
RASTA,"Kambalakkad, Wayanad",Wayanad,rasta_k@satyam.net.in,NOT AVAILABLE,,91-4936-286725,Rural development
Rajiv Gandhi Centre,"Venganoor, Thiruvananthapuram",Thiruvananthapuram,rajivgandhicentre@yahoo.com,NOT AVAILABLE,91-93870 08991,91-471-2482949,
RGLF – Rajiv Gandhi Literacy Fund,"F 2, Tagore Nagar",Trivandrum,rglfkerala@yahoo.co.in,NOT AVAILABLE,91-98460 23112,,Education.
Priyadarshini Centre,"12/264, Angadippuram",Malappuram,priyadarshinicentre@gmail.com,NOT AVAILABLE,"91-99466 28780, 91-94470 77612, 91-97452 97357",,Rehablitation of poor womens.
Punnyam Trust,"T.P.Puram, Vazhoor",Kottayam,punnyamtrust@rediffmail.com,NOT AVAILABLE,91-94474 64386,91-481-2454999,
Relief and Life Society,"Nadukani, Kulamavu",Idukki,cijoseph@rediffmail.com,NOT AVAILABLE,91-92872 54050,,Social welfare
Rural Women’s Development Society,"Christal Mandiram, Parassala",Trivandrum,ruralwomensdevelopment@rediffmail.com,NOT AVAILABLE,,"91-471-2232876, 91-471-2200191","Aged, Disadvantaged communities, Disaster management, Education, Food and Nutrition, Forestry, Health, Human Rights, Poverty, Rural Development, Sanitation, Science and Technology, Sustainable Development, Women’s issues."
S Patial Planning for Environmental Sustainability(SPACES),"Poozhikuth House, Morayur",Malappuram,cspacei2015@gmail.com,NOT AVAILABLE,99957 96542,,"Economics And Finance, Employment, Energy, Environment, Forest Management, Human Development, Information And Communications Technology."
Sahayi-Centre for Collective Learning & Action,"TC 5/789, Peroorkada",Trivandrum,sahayi@techpark.net,NOT AVAILABLE,,"91-471-2434664, 91-471-2434664","Development(General), Local Administration"
Sahya Haritha Sangham,"Vishnu Vihar, Vaduvothu",Thiruvananthapuram,sahyaharithasangham@gmail.com,NOT AVAILABLE,,91-471-3200601,"Training and employment for rural youth, women, sheduled tribes and sheduled cast."
Rural Development Society,"Ceruvadi, Calicut",Calicut,,NOT AVAILABLE,,"91-495-2483244, 91-495-2369781","Child welfare, Disability, Education, Environment, Health, Rural Development, Training, Women’s issues"
Salim Brother Youth & Social Development Centre,"Samakarika Nilayam, Peroorkada",Thiruvananthapuram,salimbrotherstvm@gmail.com,NOT AVAILABLE,91-94958 24162,91-471-2433453,Social service
Samad Medical & Allied Research Trust,"V.V. Road, Pattoor",Trivandrum,info@samadhospital.com,NOT AVAILABLE,,91-471-2474203,"Health, education & empowerment."
Sakhi Resource Centre for Women,"Sakhi, TC 27/2323",Trivandrum,sakhi@md2.vsnl.net.in,NOT AVAILABLE,,91-471-2462251,Women’s issues
Riths – Rajitlal Institute of Technology and Health Sciences,Trivandrum,Trivandrum,rajitlal@gmail.com,NOT AVAILABLE,,91-471-3076660,Educational.
Samadhan Foundation,"GSME Forum, Mallappally",Pathanamthitta,idser.sf@gmail.com,NOT AVAILABLE,,91-469-2681162,"Enterprise development, SMES, development studies and resarch"
Samagra Vikas Social Service Society,"Vikas Bhavan, Sea View Ward",Alappuzha,samagravikas@satyam.net.in,NOT AVAILABLE,,91-477-246045,
Psycho Social Intervention Center,"Iyattil Jn., MG Road",Cochin,info@psic.in,NOT AVAILABLE,"91-98469 98769, 91-9446969678",,"Providing psychological services to public, schools, elderly and corporates."
Sandhya Development Society,"Kottayam, Kodumpidy",Kodumpidy,,NOT AVAILABLE,,91-482-2247238,Rural Development
SAMYUKTHA,"Punalal, Poovachal",Thiruvananthapuram,ngo.samyuktha@gmail.com,NOT AVAILABLE,91-94461 72963,91-472-2884699,"Education, health, NRM, water, women empowerment, child development, rural development, disability."
SARANG,"Agali, Chittoor",Palakkad,sarangfamily@gmail.com,NOT AVAILABLE,91-94471 14482,,"Alternative, cultural and art education."
Saha Yatra Forum for Social Development,Kollam,Kollam,ngosahayatra@gmail.com,NOT AVAILABLE,91-93873 05370,,Social Development
SEED – Society for Economic & Environmental Development,"S.L. Puram, Alappuzha",Alappuzha,seed533@yahoo.com,NOT AVAILABLE,91-94971 09356,91-478-2861956,"Health, women empowerment, microfinance, environmental protection."
Sardar Vallabhbhai Patel Foundation,Valluvambram,Malappuram,infosvpf@gmail.com,NOT AVAILABLE,"96338 67997, 98096 52231",,"Adolescent Girls Welfare, Advocacy On Social Issues, Agriculture, Anti Drug Campaign, Art And Culture, Awareness Generation, Cancer Patients Help, Child Labour, Child Rights, Child Welfare, Community Development, Cultural Heritage., Cultural Issues, Development (General), Disability, Education, Employment, Environment, Forest Management, Forestry, Health, Hiv/Aids, Industry, Irrigation, Labour, Law, Legal Awareness, Library, Local Administration, Media, Medical Relief, Mentally Handicapped Persons, Micro-Enterprises, Old Aged Welfare, Orphanage, Peace, Plantation, Pollution, Population, Poverty, Public Administration, Rehabilitation, Research, Rural Development, Science And Technology, Self Help Groups, Right To Information, Trade And Industry Welfare, Traditional Health, Trafficking Of Women, Training, Tribal Development, Tribal Issues, Urban Development, Volunteers, Waste Management, Water, Wildlife, Women’S Issues, Youth."
Save A Family Plan,"Save A Family Plan, Aiswaryagram, Kanjoor",Ernakulam,safp@md3.vsnl.net.in,NOT AVAILABLE,,91-484-2462130,Development(General)
Seirei Asha Bhavan,"Valacodu, Punalur",Kollam,seireiasha@gmail.com,NOT AVAILABLE,91-94474 62257,91-475-2223260,"Mentally challenged persons care, training, education & rehabilitation."
Santhi Medical Information Centre,"Punnathur Road, Kottapadi",Trichur,santhimedicalinfo@gmail.com,NOT AVAILABLE,91-94472 68987,91-487-2556796,Dialysis
Seven Seas Socio Economic Development Society,"Seven Seas Socio Economic, Development Society",Pathanamthnta,,NOT AVAILABLE,,91-473-2356520,"Aged, Agriculture, Disability, Environment, Food and Nutrition, Forestry, Health, Micro-enterprises, Population, Poverty, Rural Development, Science and Technology"
Shilpa Society for the Mentally Handicapped,"21/1252A, Palluruthy",Cochin,sruthishilpam@hotmail.com,NOT AVAILABLE,,91-484-2231977,Disability
Shreyas Social Service Centre,"P.B.No. 77, Sulthan Bathery",Wayanad,info@shreyas.org,NOT AVAILABLE,,91-4936-220479,Community development
SIGN – A New Vision of Social Justice for SC/ST,"4/30 Chennampara, Eraviperoor",Pathanamthitta,signkerala@gmail.com,NOT AVAILABLE,91-98460 14664,,Campaigning on right to information act 2005.
Smart Association,"S P Line, Malampuzha",Palakkad,smart_ngo@ymail.com,NOT AVAILABLE,,91-491-2815620,
Seven Borough Youth Association,"Stanly Johson, Darsan Nagar, Peroorkada",Trivandrum,one.c@md.3vsnl.net.in,NOT AVAILABLE,,"91-471-2439185, 91-471-2320567","Child welfare, Health"
Samatha Samskarika Vedi,"Samatha Samskarika Vedi, Mannoorkenam",Mannoorkonam,,NOT AVAILABLE,,91-472-2813064,"Child welfare, Environment, Health, Women’s issues"
SEVABHARATHI,Trivandrum,Trivandrum,jyothi_ulloor@yahoo.com,NOT AVAILABLE,,91-471-2448593,
Social Action for People Foundation,"Excel Building, Kollam",Kollam,sapkollam@gmail.com,NOT AVAILABLE,,91-474-2705245,
Social Action Group for Science Technology & Humanity in Rural Areas,"Sasthra, Idukki",Idukki,sasthraidukki@gmail.com,NOT AVAILABLE,91-94475 25853,,Rural development.
Shree Kamaraj Service Society,"H.O. Pravachambalam, Nemom",Trivandrum,skss2000in@yahoo.com,NOT AVAILABLE,,91-471-2390513,"Aged, Agriculture, Child welfare, Disadvantaged communities, Disaster management, Education, Employment, Environment, Food and Nutrition, Forestry, Health, Human Rights, Micro-enterprises, Poverty, Rural Development, Urban Development, Women’s is"
SNEHA – Social Network for Education Research & Human Action,Calicut,Calicut,ngosneha@yahoo.co.in,NOT AVAILABLE,,91-496-2513413,Serving the marginalized.
Social Welfare Society,"Pallavoor, Palakkad",Palakkad,sevanam@indiatimes.com,NOT AVAILABLE,,"91-4922-234162, 91-4922-234085",
Society for Economic and Environmental Development,"SL. Puramadhya Pradesho, Alappuzha",Alappuzha,seed533@yahoo.com,NOT AVAILABLE,,91-475-2861956,
Social Work Mission,Mannanamp. O.,Kottayam,socialworkmission@gmail.com,NOT AVAILABLE,99475 69181,,Social Work
Society for Human Resources & Socio Economic Development,"Thottakara House, Moonnilavu",Kottayam,,NOT AVAILABLE,,91-482-2286545,To implement projects for social development and upliftment of rural poor.
Soaham Foundation,"Arincherummal, Panamaram",Wayanad,soahamf@gmail.com,NOT AVAILABLE,"91-94951 43455, 91-96562 20708",,Heritage conservation & preservation.
Society for Medical & Health Care Research,"Er. 338/10, Cochin",Cochin,suregro@gmail.com,NOT AVAILABLE,91-94473 69071,91-484-2337955,Research on Indian systems of medicine.
Society for Rural Improvement,"P.B. 2, Palakkad",Palakkad,sriproject@vsnl.com,NOT AVAILABLE,,91-492-2363060,"Poverty, Rural Development, Women’s issues"
Socio-Economic Unit Foundation,"SEU Foundation, Thycaud",Thycaud,seuf@md2.vsnl.net.in,NOT AVAILABLE,,"91-471-2325907, 91-471-2325914","Development(General), Environment, Sanitation, Sustainable Development"
Social Welfare & Educational Research Centre,Pathanamthitta,Pathanamthitta,aknair1976@yahoo.co.in,NOT AVAILABLE,91-94463 86117,,Project implementation.
Self Reliance Foundation,"44/573 First Floor, NIFD Kuttiyathara Bldg",Cochin,manoj.inifd@gmail.com,NOT AVAILABLE,,91-184-2409777,Fund rising for scholarship.
Society,"13/370b, Sreekrishnapuram",Seeking The Ways of Effective Educational Trends(SSWEET),ssweet.edu@zoho.com,NOT AVAILABLE,85478 51061,,"Art and Craft, E-Learning, Education, Energy, Information and Communications Technology, Library, Youth."
Sports & Education Promotion Trust,"World Wide Building, 17/143, Behind Sk Temple Auditorium, Mavoor Road",Kozhikode,arun@sept.in,NOT AVAILABLE,"96563 00200, 99476 06060",,Education Skill Development In Sports.
Sree Kamaraj Service Society,"Pravachambalam, Nemom",Trivandrum,,NOT AVAILABLE,,91-471-2390513,Social works
Southern Institute for Social Science Research,"Satjanavas, Bsnra-C/46, Bhagath Singh Nagar",Trivandrum,jagnayak1@yahoo.com,NOT AVAILABLE,,91-471-2541686,"Research, surveys, evaluations, documentations, training, workshops, seminars, consultancy, social actions."
Spicmacay,"11-B, Seawood Homes, Seport Airport Road",Kochi,velayudhakurup@spicmacay.com,NOT AVAILABLE,98952 03014,0481-2486153,"Spic Macay Is A Non-Political Nationwide Voluntary Movement That Organises Programmes Of Classical Music and Dance, Folk Arts, Crafts, Yog, Classic Cinema Screenings, Heritage Walks, Etc. Inside School and College Campuses Throughout The World To Make Students More Aware About Indian and World Heritage. This Initiative Makes Education More Holistic and Meaningful As It Highlights All That Is Abstract, Subtle, Inspiring and Mystical In The World Teaching One To Look Within Oneself. Spic Macay Runs On The Energy Of Volunteers Who Come From All Walks Of Life – Students, Teachers, Housewives, Professional and Retired People, Young and Old. Nishkam Seva Is A Key Aspect Of The Movement."
Sri Kurumba Trust,"Panniyankara, Vadakkecnhery",Palakkad,kutty@sobha.co.in,NOT AVAILABLE,,91-4922-254502,Sustainable social empowerment.
Sted Council (Scientific & Technical Education Development Council),"Sb Tower, Sreemoolam Road, Mele Thampanoor",Thiruvananthapuram,stedcouncil@gmail.com,NOT AVAILABLE,94471 32311,0471-2323743,"Community Development, Education, Employment, Human Development, Information and Communications Technology, Ngo Management, Science and Technology, Social Awareness, Right To Information, Women Development/Welfare Certification Body."
Solutions & Services in Managment & Development,Trivandrum,Trivandrum,ssmdindia@yahoo.com,NOT AVAILABLE,,91-471-2530373,
Sthree Niketan Vanitha Federation,"Karunalayam, G H Road",Thiruananthapuram,snvf@siffs.org,NOT AVAILABLE,,"91-471-2300533, 91-471-2464334","Disadvantaged communities, Employment, Women’s issues"
Swadeshi Council for Environmental Rural Ddevelopment & Research,"TC 9/2120, Valiyaila Lane, Sasthamangalam",Thiruvananthapuram,scerds@gmail.com,NOT AVAILABLE,,91-471-2729949,Training course.
Susthira Centre for Sustainable Development Studies & Action,"Pariyaram Medical College, Kannur",Kannur,susthira@yahoo.co.in,NOT AVAILABLE,91-97448 88122,91-497-2808466,To promote natural resource management activities.
Techinical Education Society,"25, Akshya Nagar",Kollam,Dilip_snair@yahoo.com,NOT AVAILABLE,,91-474-3203436,Education
Solidarity Movement of India,"Central Committee, Idukki",Idukki,,NOT AVAILABLE,,91-4862-239256,Development(General)
THANAL,"H-3, Thiruvananthapuram",Thiruvananthapuram,thanal@vsnl.com,NOT AVAILABLE,,91-471-2727150,Gather for all beings.
Thanal Grama Sevavedi,"Kunnukara, Ernakulam",Ernakulam,thanalgramasevavedi@bsnl.in,NOT AVAILABLE,,91-484-2574457,
The Palakkad Professional Social Workers Association,"Abdul Rahiman Conviner, Swathi Nagar",Palakkad,socialworkerspkd@gmail.com,NOT AVAILABLE,91-94963 51878,,
Thoughts Foundation,Thiruvananthapuram,Thiruvananthapuram,thoughtsfoundation@gmail.com,NOT AVAILABLE,91-93881 16152,91-471-3200563,Agriculture
SWORD – Social Welfare Organisation for Rural Development,Trivandrum,Trivandrum,swordforyou@yahoo.in,NOT AVAILABLE,91-94974 69229,91-471-2137911,"Education, health, women empowerment, child development, rural development, disability, agriculture."
The Vigilant Eyes,"Thellakam, Kottayam",Kottayam,sunshinejoseph2@gmail.com,NOT AVAILABLE,91-94147 17826,,To help the poor people in legal matters.
Thunchan Smaraka Samiti,"Airanimuttam, Thiruvananthapuram",Thiruvananthapuram,kilippattu@gmail.com,NOT AVAILABLE,,91-471-2457473,Getting funds for various projects.
STARS,"STARS Centre, P. T. Usha Road",Calicut,starscalicut@gmail.com,NOT AVAILABLE,,91-495-3046567,For total advancement and rehabilitation services.
Torture Prevention Center India Trust,"Indira Nagar, Kadavanthara",Cochin,malinimenon20@hotmail.com,NOT AVAILABLE,,91-484-2317790,
Vanitha Nikethan Mahila Samajam,Trivandrum,Trivandrum,vanithanikethan@gmail.com,NOT AVAILABLE,91-97461 21722,91-471-2408894,Agriculture
Vanitha Society,"Irfad Building, P.T. Usha Road",Calicut,vanitha_societypsh@yahoo.com,NOT AVAILABLE,,91-495-2366995,
Tropical Institute of Ecological Sciences,Kottayam,Kottayam,info@tropicalinstitute.in,NOT AVAILABLE,,"91-481-3250417, 91-481-2570666",
Vayali Folklore Group,"Arangottukara, Wadakkachery",Thrissur,vayali@ymail.com,NOT AVAILABLE,91-94469 38770,91-4884-280701,Folklore
The Kerala Blind School Society,"Thottumughom, Alwaye",Alwaye,,NOT AVAILABLE,,91-4854-623412,The society aims to advance education and ameliorate the condition of disabled children. It runs a blind residential school and a rehabilitation centre for vocational training of the visually handicapped.
Via Poouachal,Trivandrum,Trivandrum,ducdas@md3.vsnl.net.in,NOT AVAILABLE,,"91-472-2882063, 91-472-2882063","Agriculture, Development(General), Education, Health"
Vidhyaposhini Grandhalayam,"Mannarmala, Pattikkad, Malappuram",Mannarmala,vidhyaposhinigrandhalayam@gmail.com,NOT AVAILABLE,"94472 16274, 98952 68952,94952 91920",04933-220227,"Agriculture, Animal Health, Art and Culture, Awareness Generation, Community Development, Corporate Social Responsibility, E-Governance."
Vision India Charitable Trust,"Vision India Services, Palakkad",Palakkad,visionindia.in@gmail.com,NOT AVAILABLE,,91-491-2548090,"Women empowerment, poverty alleviation, health."
Village Vision,"St. George Complex, Sahayagiri",Idukki,villagevisionindia@gmail.com,NOT AVAILABLE,,91-4865-253058,To get to know each other and to cooperate with every good cause.
Via Kaipattoor,"Thottumughom, Pathanamthitta",Pathanamthitta,,NOT AVAILABLE,,91-473-2350589,"Agriculture, Disadvantaged communities, Education, Health, Micro-enterprises, Sanitation, Women’s issues"
Vcu India Charitable Society,"2nd Floor, Sudarshan Building, Calicut",Malappuram,vcuindia2014@gmail.com,NOT AVAILABLE,80890 82827,,"Animal Welfare, Art And Craft, Art And Culture, Awareness Generation, Cancer Patients Help, Community Development, Employment, Energy, Health, Human Rights, Information And Communications Technology, Rural Development, Science And Technology, Training, Women Development Welfare Eradicate Poverty, Technology Based Instant Employment, Provide Food, Clothing, Medical Aid."
Viswadarsanam Centre for Humanity and Nature,"Feny Land, Pathanamthitta",Pathanamthitta,viswadarsanam@yahoo.com,NOT AVAILABLE,,91-468-2350543,Nature conservatory and biodiversity centre.
Vithura Suhruth Bal Bhavan,"Suhruth Natak Kalari, Trivndrum",Trivndrum,natakagramam@gmail.com,NOT AVAILABLE,,91-4722-858688,To promote tribal & rural children.
Tropical Health Foundation of India,"Near Kurukkanpara Bus Stop, Guruvayur Road",Kunnamkulam,thfi@sancharnet.in,NOT AVAILABLE,,91-4885-224817,
TGG Foundation Charitable Trust,"Country Homes, Onneyar, Vaduvanchal",Wayanad,laiju@thegoldengreens.com,NOT AVAILABLE,99953 29536,04936-217060,"Agriculture, Ayurveda, Child Welfare, Community Development, Corporate Social Responsibility, Livelihood, Old Aged Welfare, Plantation, Poverty, Rural Development."
VOSARD – Voluntary Organisation for Social Action & Rural Development,"Kumily, Idukki",Idukki,vosard@gmail.com,NOT AVAILABLE,,91-4869-223850,Community development.
VISWAPRABHA,Palakkad,Palakkad,mohandas.siva@yahooemail.com,NOT AVAILABLE,91-96775 12371,91-4923-232817,Welfare of the community.
Whi Women Empowerment & Human Resource Development Centre of India,"Sandeepani RKV Lane, Museum Junction",Trivandrum,whiindia@yahoo.co.in,NOT AVAILABLE,,91-471-2310131,
Vrukshabandhu Social Forestry Club,"Edakkoly, Chakkampuzha",Palai,,NOT AVAILABLE,,91-482-2262309,"Environment, Forestry"
World Human Resources Development Education (WHRDE),"KJT Building, Mandapum Junction, NPI / 348(B), Puthoor, Kottarakara",Kollam,beegle.kjt@gmail.com,NOT AVAILABLE,94004 15100,,"Distance Learning, E-Learning, Education, Information And Communications Technology, Rural Development, Training, Women Development/Welfare All Operations And Functions For The Educational, Cultural And Social Upliftment Of Kerala State Shall Be The General Aim And Objective Of The Society."
World Welfare Trust,Kottayam,Kottayam,jsajnkjacob@yahoo.com,NOT AVAILABLE,,91-4829-284066,To raise resources.
Waves Foundation,"Chalakkaparambil Apart, Hmt Colony, Kalamasserry",Eranakulam,wavesfoundation2005@gmail.com,NOT AVAILABLE,94472 28158,,"Child Welfare, Community Development, Disaster Management, Environment, General – Social Welfare, Grants/Aids, Health, Human Rights, Legal Awareness, Youth."
Women’s Initiative Network Society,"WIN Centre, Harijan Road",Eramalloor,,NOT AVAILABLE,,91-478-2874352,"Child welfare, Development(General), Disadvantaged communities, Human Rights, Poverty, Training, Women’s issues"
Yuva Resmi Mahila Samajam,"Valiyakattakkal, Trivandrum",Trivandrum,remanipnair@gmail.com,NOT AVAILABLE,91-93494 26210,,Work for the uplift of the status of women.
Yearoutindia Charitable Trust,"37/1922 D, New Hope Castle, Kaloor-Kadavanthra Road, Kaloor",Kochi,yoitrust@gmail.com,NOT AVAILABLE,94472 31853,"0484-4020040, 0484-4020041","Community Development, Disability, Education, Environment, Medical Relief, Mentally Handicapped Persons, Minorities, Orphanage, Poverty, Rural Development, Sanitation, Self Help Groups, Sustainable Development, Tribal Issues, Water As Stated In The Yearoutindia Charitable Trust Objects & Constitution."
Youth Empowerment Society of Asia,"Sarovaram, Thiruvananthapuram",Thiruvananthapuram,chairmanyes@gmail.com,NOT AVAILABLE,91-94968 19142,,Empowerment of youth and adolecents.
WRSP – World Road Safety Partnership,"B-2, Vrindhavan Gardens",Thiruvananthapuram,worldroadsafety@gmail.com,NOT AVAILABLE,,"91-471-2555711, 91-471-2493617",Road safety activities and cooperation.
Yuvadhara Kalavedi,"Thattolikara Padinjaru, Chombala",Vadakara,yuvadharakalavedi@gmail.com,NOT AVAILABLE,,91-496-3292491,
Yuvadeepthi Kalasamskarika Sngadana,"Mathili, Perinad",Kollam,raveendran_canbank@yahoo.co.in,NOT AVAILABLE,91-94460 34452,91-474-2701452,Kala Smaskarika Pravarthanam
